代码,日期,收盘,开盘,最高,最低,成交量,成交额
801980,2021-12-13,8179.52,8193.55,8233.09,8148.55,1.90289781,49.34468332
801980,2021-12-14,8112.6,8199.7,8199.7,8100.32,1.59207717,39.53260802
801980,2021-12-15,7993.47,8120.74,8149.42,7964.15,1.83374767,46.94515202
801980,2021-12-16,8060.25,8010.66,8104.9,7998.93,1.50383929,40.8911413
801980,2021-12-17,7840.27,8031.9,8059.35,7840.27,1.27447295,38.46079134
801980,2021-12-20,7698.44,7796.35,7828.09,7688.05,1.40078345,33.40757895
801980,2021-12-21,7812.18,7734.9,7817.4,7719.24,1.17766986,29.593487
801980,2021-12-22,7822.9,7837.7,7855.71,7806.8,1.29150921,27.41739788
801980,2021-12-23,7744.14,7827.47,7829.09,7696.9,1.19404678,30.96669476
801980,2021-12-24,7713.71,7774.84,7784.53,7702.52,1.19992807,27.94210686
801980,2021-12-27,7680.2,7721.27,7743.19,7642.16,1.00665844,25.3745047
801980,2021-12-28,7697.2,7686.62,7717.64,7630.54,0.96461877,26.50856609
801980,2021-12-29,7639.73,7707.62,7707.62,7629.4,1.49267476,31.18632821
801980,2021-12-30,7684.98,7622.06,7749.57,7622.06,1.60796836,30.00770674
801980,2021-12-31,7668.61,7692.85,7726.42,7660.61,1.43961835,31.21929956
801980,2022-01-04,7648.91,7671.56,7714.47,7622.84,1.51274042,35.95098815
801980,2022-01-05,7585.89,7648.28,7655.83,7537.77,1.38251387,35.02418178
801980,2022-01-06,7399.01,7561.09,7561.81,7363.82,1.56089182,50.73090944
801980,2022-01-07,7253.74,7403.38,7403.38,7243.87,2.22023645,60.94451774
801980,2022-01-10,7379.9,7243.47,7382.43,7147.61,2.10354399,57.5800834
801980,2022-01-11,7349.3,7357.69,7482.53,7331.25,1.93520258,50.7329883
801980,2022-01-12,7431.07,7384.14,7458.98,7354.53,1.69440983,42.08406597
801980,2022-01-13,7264.61,7413.3,7413.32,7262.09,1.57001356,35.69248006
801980,2022-01-14,7255.79,7224.91,7320.09,7224.91,1.88944932,44.36176547
801980,2022-01-17,7267.05,7244.63,7288.69,7217.21,1.89398772,42.33982317
801980,2022-01-18,7233.28,7321.62,7326.04,7207.35,2.28945924,52.66857521
801980,2022-01-19,7150.28,7186.48,7223.93,7134.69,1.72926205,43.1121992
801980,2022-01-20,7038.41,7167.46,7181.72,7032.81,1.71296788,38.37453737
801980,2022-01-21,6973.08,7025.69,7041.48,6929.1,1.35714395,33.99372688
801980,2022-01-24,6961.89,6958.49,6999.91,6936.96,1.04021494,29.7476735
801980,2022-01-25,6764.84,6921.4,6948.79,6758.9,1.31164961,29.2782448
801980,2022-01-26,6790.83,6743.49,6876.23,6729.29,1.13880053,23.15969555
801980,2022-01-27,6663.09,6786.73,6822.45,6663.09,1.12767587,26.94273766
801980,2022-01-28,6587.9,6727.53,6746.66,6556.63,0.97981757,24.62687191
801980,2022-02-07,6711.31,6690.91,6813.38,6690.44,0.95062655,24.64833868
801980,2022-02-08,6763.26,6707.97,6763.26,6619.4,0.88589726,23.80129122
801980,2022-02-09,6803.84,6765.85,6807.04,6690.36,0.81456273,19.80339767
801980,2022-02-10,6686.19,6807.18,6807.29,6680.34,0.88755583,20.57821859
801980,2022-02-11,6490.51,6676.35,6676.35,6475.59,0.89979204,25.04292685
801980,2022-02-14,6485.14,6420.88,6514.49,6402.47,0.88609406,22.39052298
801980,2022-02-15,6713.82,6484.52,6716.56,6475.48,0.87682211,32.47281549
801980,2022-02-16,6780.93,6722.14,6818.86,6704.02,0.90968391,27.0160857
801980,2022-02-17,6756.53,6787.63,6795.75,6741.41,0.86485974,21.75501787
801980,2022-02-18,6773.34,6727.77,6790.88,6701.22,0.79782641,17.65744873
801980,2022-02-21,6815.49,6771.06,6889.6,6766.37,0.96005319,23.96320521
801980,2022-02-22,6717.42,6795.33,6795.33,6677.42,1.13883062,24.5460997
801980,2022-02-23,6867.4,6724.68,6871.4,6724.52,0.9610803,24.15272804
801980,2022-02-24,6675.62,6835.42,6856.27,6618.46,1.53323509,32.98366796
801980,2022-02-25,6846.65,6731.43,6932.52,6730.84,1.33027478,34.48336214
801980,2022-02-28,6870.28,6827.03,6870.28,6761.9,1.16846429,26.01445054
801980,2022-03-01,6863.0,6868.05,6890.46,6843.06,0.93933568,20.06870909
801980,2022-03-02,6856.8,6833.83,6866.95,6748.51,1.05200713,20.5395281
801980,2022-03-04,6786.48,6707.24,6873.46,6704.66,1.66139762,29.90523176
801980,2022-03-07,6713.06,6764.76,6781.27,6633.67,1.71886198,35.75255593
801980,2022-03-08,6503.74,6644.98,6713.71,6475.08,1.72487717,38.45971854
801980,2022-03-09,6456.41,6539.84,6567.64,6241.54,1.699939,38.51279859
801980,2022-03-10,6563.53,6616.64,6663.62,6557.5,1.43009835,36.75778335
801980,2022-03-11,6513.34,6476.03,6520.95,6347.09,1.42363732,33.49678853
801980,2022-03-14,6253.21,6449.71,6449.94,6253.21,1.58544597,30.30667635
801980,2022-03-15,5920.25,6207.79,6211.97,5919.95,1.51605457,31.83829316
801980,2022-03-16,6067.02,5985.23,6100.41,5767.16,1.47484511,31.27891851
801980,2022-03-17,6282.86,6157.31,6368.44,6144.18,1.54007504,33.1893739
801980,2022-03-18,6323.45,6267.83,6328.05,6242.84,1.4826752,23.86129861
801980,2022-03-21,6354.98,6327.53,6380.67,6304.08,1.50600552,24.78401967
801980,2022-03-22,6276.98,6341.03,6341.65,6259.67,1.26718468,20.62349056
801980,2022-03-24,6502.84,6441.22,6532.75,6399.2,1.24672464,28.3665251
801980,2022-03-25,6422.87,6483.15,6551.79,6422.77,1.28584037,25.30173328
801980,2022-03-28,6359.3,6357.27,6412.48,6338.46,0.96931261,20.87676849
801980,2022-03-29,6327.19,6362.09,6447.4,6316.6,1.36281047,23.11372356
801980,2022-03-30,6606.08,6338.7,6606.34,6331.93,1.39831538,34.23213608
801980,2022-04-01,6646.14,6529.68,6666.42,6505.83,1.51247107,30.29996837
801980,2022-04-06,6607.95,6643.45,6681.61,6568.98,1.69943474,30.36299642
801980,2022-04-07,6475.21,6582.17,6626.01,6475.21,1.58690228,25.13319033
801980,2022-04-08,6412.1,6459.19,6491.54,6356.54,1.44153276,26.79551392
801980,2022-04-11,6276.53,6383.33,6411.39,6264.14,1.36153251,23.6313973
801980,2022-04-12,6555.98,6274.25,6559.24,6274.25,1.49642805,29.84136239
801980,2022-04-13,6467.83,6516.9,6573.51,6451.01,1.15625128,26.8908592
801980,2022-04-15,6512.76,6562.59,6562.59,6458.95,1.69340927,28.31538797
801980,2022-04-18,6492.36,6444.51,6534.78,6416.9,1.1728229,20.3995523
801980,2022-04-19,6358.66,6487.45,6488.03,6335.75,1.90046339,30.4980326
801980,2022-04-20,6407.25,6364.69,6525.02,6297.76,2.06925156,33.93142351
801980,2022-04-21,6395.85,6360.51,6611.58,6360.51,2.350625,41.23210597
801980,2022-04-22,6455.8,6374.72,6500.3,6327.62,1.96560234,38.26839251
801980,2022-04-25,6067.0,6325.77,6325.82,6067.0,1.94411909,34.33850216
801980,2022-04-26,6232.93,6053.52,6400.39,6053.52,2.1310404,43.81903777
801980,2022-04-27,6358.36,6174.46,6358.36,6135.01,1.3806215,34.13140585
801980,2022-04-28,6260.08,6319.23,6365.35,6224.2,1.84966897,34.22337665
801980,2022-04-29,6459.83,6271.06,6489.24,6252.13,1.99072984,39.05086345
801980,2022-05-06,6188.0,6246.9,6307.3,6178.79,1.40629326,27.42333059
801980,2022-05-10,6203.2,6011.31,6234.41,5994.8,1.31668318,27.25291803
801980,2022-05-11,6281.39,6211.16,6394.69,6173.33,1.66516109,33.26099952
801980,2022-05-12,6274.48,6220.3,6326.67,6207.38,1.34037571,27.43055429
801980,2022-05-13,6252.53,6295.85,6327.33,6224.5,1.15349436,21.02198702
801980,2022-05-16,6329.03,6298.52,6384.22,6291.87,1.53473718,28.8786648
801980,2022-05-17,6339.06,6327.04,6357.3,6247.82,1.69405604,28.94898071
801980,2022-05-18,6260.43,6334.03,6334.03,6230.34,1.56166691,32.00794121
801980,2022-05-19,6238.51,6183.72,6263.2,6166.04,1.31151239,24.90348779
801980,2022-05-20,6460.96,6255.5,6480.61,6255.5,1.71241314,39.31037662
801980,2022-05-23,6468.15,6455.82,6485.22,6407.18,1.64981516,28.78107015
801980,2022-05-24,6226.78,6474.43,6474.43,6226.78,1.79383837,29.23940235
801980,2022-05-25,6271.42,6215.27,6278.58,6175.54,0.99371949,20.45384931
801980,2022-05-26,6323.13,6298.76,6328.08,6197.66,1.4408225,24.04541334
801980,2022-05-27,6398.6,6360.74,6494.29,6358.61,1.32454276,28.91085312
801980,2022-05-30,6529.66,6467.39,6585.65,6460.62,1.38446764,32.40437914
801980,2022-05-31,6810.17,6541.69,6820.05,6462.86,1.81204137,46.66164691
801980,2022-06-01,6743.23,6800.87,6869.8,6732.51,1.98294594,37.37005396
801980,2022-06-02,6751.76,6736.63,6787.61,6660.06,2.05346889,31.45491503
801980,2022-06-06,6850.61,6749.3,6939.18,6681.2,2.14999881,40.38357265
801980,2022-06-07,6874.21,6848.46,6928.9,6803.73,2.02524047,34.50112293
801980,2022-06-08,6897.9,6892.26,6970.6,6809.29,1.81308993,36.01993977
801980,2022-06-09,6766.29,6895.5,6896.07,6728.95,1.52955425,31.55358992
801980,2022-06-10,6828.73,6731.34,6858.64,6731.34,1.34326752,34.53739798
801980,2022-06-13,6820.29,6748.83,6833.39,6738.01,1.76518367,32.01829322
801980,2022-06-14,6959.26,6752.16,6959.26,6752.16,2.6011127,41.50936856
801980,2022-06-15,6913.16,6975.78,7037.64,6884.54,2.71122283,47.52064453
801980,2022-06-16,7050.92,6907.46,7133.54,6907.46,2.28397366,39.46183218
801980,2022-06-17,7162.34,7041.79,7192.15,6949.07,3.08556987,47.97545095
801980,2022-06-20,7245.45,7195.4,7317.52,7125.83,3.45216406,51.16441557
801980,2022-06-21,7153.62,7236.4,7284.08,7101.7,2.67485888,40.42572527
801980,2022-06-22,6996.31,7175.34,7175.34,6981.69,2.05643348,34.96108885
801980,2022-06-23,7122.11,7005.13,7122.14,6944.25,1.73129465,28.70097611
801980,2022-06-24,7206.57,7135.68,7251.28,7123.44,1.98231074,33.39714532
801980,2022-06-27,7355.21,7252.7,7417.59,7229.47,2.10473033,40.20390009
801980,2022-06-28,7347.81,7401.71,7401.71,7263.07,1.83112399,34.31028015
801980,2022-06-29,7319.2,7333.34,7385.21,7271.29,2.44897316,47.60512605
801980,2022-06-30,7529.61,7363.96,7560.06,7363.96,2.47350129,51.77564202
801980,2022-07-01,7381.48,7536.17,7536.17,7351.48,1.77789135,34.43765997
801980,2022-07-04,7539.57,7422.12,7541.03,7358.03,1.26708387,34.38327631
801980,2022-07-05,7436.84,7550.33,7562.61,7348.07,1.66406092,38.17266276
801980,2022-07-06,7239.29,7398.04,7410.97,7188.07,1.20050711,32.24398165
801980,2022-07-07,7174.76,7257.31,7257.31,7081.51,0.96408338,28.61167458
801980,2022-07-08,7196.56,7183.4,7268.2,7122.84,1.01791166,25.79960251
801980,2022-07-11,7070.93,7187.09,7187.09,6969.71,1.03664621,30.22567327
801980,2022-07-12,6945.19,7067.77,7081.97,6945.19,1.06144726,24.95986022
801980,2022-07-13,7041.77,6949.84,7123.21,6942.67,0.95561329,22.80660502
801980,2022-07-14,7106.32,7035.01,7150.45,7033.09,1.31506342,23.25434221
801980,2022-07-15,7099.41,7107.51,7219.71,7056.05,1.18058644,24.38938452
801980,2022-07-18,7205.2,7108.78,7280.46,7070.42,1.68590209,32.91095392
801980,2022-07-19,7212.36,7199.1,7255.2,7168.44,1.41016141,26.16766539
801980,2022-07-20,7433.76,7249.73,7508.23,7247.38,1.8640704,41.66342715
801980,2022-07-21,7377.26,7414.55,7479.35,7362.85,1.99546048,31.33259349
801980,2022-07-22,7317.37,7376.07,7417.75,7259.56,1.4018288,28.39912652
801980,2022-07-25,7319.57,7322.77,7363.3,7278.07,1.17643778,24.38609895
801980,2022-07-26,7444.63,7318.62,7445.23,7318.45,1.30452844,28.65155875
801980,2022-07-27,7594.84,7471.34,7669.85,7471.34,2.44967684,49.21415163
801980,2022-07-28,7497.29,7586.61,7604.9,7496.18,2.23705633,38.49596246
801980,2022-07-29,7364.99,7475.77,7475.89,7304.64,1.66523008,36.88841848
801980,2022-08-01,7422.94,7322.7,7455.59,7305.09,1.45773953,30.35156959
801980,2022-08-02,7289.57,7369.59,7413.76,7229.56,1.86022311,34.42814618
801980,2022-08-03,7260.75,7332.25,7393.39,7248.46,1.46245893,25.49215316
801980,2022-08-04,7197.56,7306.16,7323.81,7103.96,1.25587209,23.9910208
801980,2022-08-05,7280.1,7201.49,7282.44,7168.45,1.16258883,21.82439392
801980,2022-08-08,7217.11,7255.37,7287.94,7179.98,0.94241687,20.88853332
801980,2022-08-09,7260.76,7215.03,7267.59,7185.19,1.1248588,21.01773327
801980,2022-08-10,7190.05,7237.6,7281.49,7162.1,1.19510855,23.44455806
801980,2022-08-11,7336.57,7254.17,7357.03,7187.7,1.30568724,30.6771594
801980,2022-08-12,7303.14,7336.32,7336.32,7276.9,1.34326423,25.27523577
801980,2022-08-15,7131.87,7279.98,7279.98,7092.62,1.38063404,34.00747931
801980,2022-08-16,7092.29,7134.9,7135.41,7069.72,1.13306641,26.53457367
801980,2022-08-17,7209.52,7118.78,7233.98,7114.06,1.23646868,31.06572735
801980,2022-08-18,7046.42,7195.4,7195.4,7031.28,1.21547823,32.34832158
801980,2022-08-19,6984.54,7030.78,7050.87,6984.54,1.09865139,25.67166289
801980,2022-08-22,7089.54,6954.75,7103.45,6887.96,1.02850054,29.32049312
801980,2022-08-23,7031.94,7103.18,7103.18,6992.32,0.88915256,21.62717641
801980,2022-08-24,6972.96,6993.86,7079.31,6966.48,1.38958681,27.30947711
801980,2022-08-25,7044.53,6989.01,7151.35,6989.01,1.08076657,28.92523028
801980,2022-08-26,7058.44,7048.03,7225.0,7042.77,0.9297442,26.79991576
801980,2022-08-29,6996.33,7002.35,7073.88,6927.87,0.99078141,26.53479779
801980,2022-08-30,7046.87,7001.64,7066.64,6966.57,1.09279731,24.45362927
801980,2022-08-31,7043.65,7016.26,7119.33,6964.39,1.14216944,26.88439489
801980,2022-09-01,6951.16,7045.41,7092.84,6928.29,0.91044738,22.40289159
801980,2022-09-02,6930.42,6924.68,6977.88,6853.04,0.79981825,20.61650698
801980,2022-09-05,6914.66,6904.27,6963.82,6865.47,0.89639123,20.51817016
801980,2022-09-06,6827.78,6927.35,6927.35,6741.78,0.94535482,28.08259101
801980,2022-09-07,6751.12,6792.45,6792.45,6716.23,0.88089361,27.63208237
801980,2022-09-08,6747.51,6749.07,6784.84,6685.8,0.87774646,20.78108276
801980,2022-09-09,6899.33,6750.02,6903.67,6749.18,0.96822636,24.65055653
801980,2022-09-13,7028.37,6940.02,7064.69,6878.92,1.43137396,28.86308221
801980,2022-09-14,7031.62,6955.71,7047.31,6951.03,1.95801172,23.67468564
801980,2022-09-15,6912.16,7043.33,7095.13,6857.19,2.08101271,28.72358695
801980,2022-09-16,6808.0,6923.44,6941.19,6808.0,1.91643067,26.1589161
801980,2022-09-19,6474.8,6801.21,6804.11,6420.21,2.8681893,45.99336274
801980,2022-09-20,6581.52,6510.5,6670.48,6510.37,2.80708737,35.16548877
801980,2022-09-21,6440.8,6635.27,6680.91,6438.1,2.30597348,32.09620563
801980,2022-09-22,6359.39,6372.13,6472.51,6331.99,1.95935364,26.97290818
801980,2022-09-23,6263.49,6341.28,6361.59,6204.31,1.82452559,22.41449943
801980,2022-09-26,6389.96,6229.59,6529.61,6229.54,1.75746629,33.85779847
801980,2022-09-27,6552.72,6412.04,6552.72,6357.75,1.55496632,26.11926783
801980,2022-09-28,6492.8,6520.87,6631.62,6486.23,1.49892901,23.54781569
801980,2022-09-29,6494.36,6561.11,6657.79,6466.14,1.35060045,24.49234191
801980,2022-09-30,6483.18,6486.75,6609.04,6480.82,1.08581954,22.1687152
801980,2022-10-10,6395.27,6468.79,6579.88,6388.8,1.06483587,23.58812508
801980,2022-10-11,6384.24,6395.61,6395.95,6295.88,0.99764352,19.1382631
801980,2022-10-12,6442.77,6386.03,6442.77,6233.15,1.3370704,21.66819695
801980,2022-10-13,6522.14,6413.91,6584.2,6413.91,1.85106702,25.63489458
801980,2022-10-14,6673.87,6577.98,6714.21,6482.58,1.94118027,35.92918378
801980,2022-10-17,6645.84,6630.0,6691.02,6535.0,1.46469967,30.10361256
801980,2022-10-18,6592.81,6661.23,6661.23,6570.89,1.23818708,26.45722195
801980,2022-10-19,6492.7,6594.24,6594.4,6483.02,1.42064222,24.58478669
801980,2022-10-20,6565.04,6472.74,6644.21,6436.66,1.58086839,29.97116411
801980,2022-10-21,6364.78,6554.71,6554.77,6356.25,1.19920613,27.05354624
801980,2022-10-24,6088.25,6307.76,6307.76,6085.7,1.33390033,36.31256416
801980,2022-10-25,6064.83,6023.57,6108.88,5983.9,1.21606589,29.34510872
801980,2022-10-26,6475.58,6156.61,6485.98,6156.55,1.53973515,45.34467613
801980,2022-10-27,6242.76,6469.22,6469.22,6242.76,1.62889137,42.35614747
801980,2022-10-28,6068.4,6234.52,6309.95,6051.55,1.51838122,32.08919949
801980,2022-10-31,6040.27,6082.23,6168.26,5996.39,1.1877054,30.12551837
801980,2022-11-01,6346.3,6066.96,6349.39,6038.77,1.38820521,35.9427152
801980,2022-11-02,6485.73,6315.18,6578.18,6311.34,1.43074826,40.60208164
801980,2022-11-03,6501.57,6420.09,6523.07,6389.83,1.19949045,25.91323548
801980,2022-11-04,6664.98,6508.47,6764.16,6508.47,1.41319679,37.24449316
801980,2022-11-07,6680.24,6624.9,6698.32,6555.21,1.23104291,31.83416332
801980,2022-11-08,6645.91,6676.64,6676.64,6584.95,0.94258501,22.02180771
801980,2022-11-09,6603.97,6618.3,6682.86,6593.15,1.14319811,21.5062938
801980,2022-11-10,6662.42,6588.94,6668.74,6559.32,1.65728462,28.84657381
801980,2022-11-11,6689.05,6839.47,6839.47,6686.34,2.03714345,39.50469176
801980,2022-11-14,6521.1,6697.28,6713.5,6485.02,1.69134361,42.78430963
801980,2022-11-15,6638.17,6531.53,6642.92,6457.24,1.50446587,35.13170896
801980,2022-11-16,6606.69,6614.85,6702.88,6584.71,1.45313688,31.71966237
801980,2022-11-17,6554.45,6574.0,6592.77,6498.33,1.69517289,31.7027472
801980,2022-11-18,6634.4,6572.82,6700.06,6523.48,2.06612277,40.68492092
801980,2022-11-21,6460.89,6599.71,6599.71,6383.54,1.94324952,40.40848625
801980,2022-11-22,6377.55,6448.53,6501.56,6351.08,2.41320273,39.3561932
801980,2022-11-23,6366.78,6367.31,6406.49,6316.22,2.4354574,33.61810343
801980,2022-11-24,6347.74,6366.57,6395.2,6324.23,2.25645182,25.93491226
801980,2022-11-25,6326.15,6347.51,6350.24,6285.85,1.88975108,22.6357476
801980,2022-11-28,6375.57,6235.34,6393.3,6215.51,1.66409797,27.15484943
801980,2022-11-29,6531.83,6388.78,6558.61,6388.57,1.94802378,36.97712046
801980,2022-11-30,6482.26,6530.84,6539.35,6425.67,1.67337557,28.58056508
801980,2022-12-01,6652.14,6609.84,6783.87,6609.84,2.22112067,46.46845091
801980,2022-12-02,6732.8,6638.35,6781.46,6631.66,2.38879015,41.25977293
801980,2022-12-05,6734.27,6807.31,6851.89,6718.9,2.13355498,48.99781431
801980,2022-12-06,6848.9,6703.8,6971.83,6703.53,3.0592043,58.12175138
801980,2022-12-07,6882.09,6815.65,6942.89,6797.35,3.23129196,54.26092197
801980,2022-12-08,6877.08,6862.5,6900.54,6783.47,2.75414535,44.9922947
801980,2022-12-09,6862.64,6867.46,6873.39,6787.72,2.43166511,46.59216514
801980,2022-12-12,6770.1,6839.46,6872.69,6763.64,1.89985568,42.60621799
801980,2022-12-13,6865.47,6763.13,6867.36,6728.53,2.16478045,40.34000348
801980,2022-12-14,6999.22,6853.37,7032.13,6853.37,3.26613899,52.01166022
801980,2022-12-15,6976.09,7030.52,7091.67,6942.45,4.14299149,52.06990398
801980,2022-12-16,6897.79,6931.59,6962.27,6859.02,3.9245901,43.73949426
801980,2022-12-19,6774.46,6884.11,6925.49,6748.13,3.56120872,42.71516421
801980,2022-12-20,6613.96,6768.39,6768.39,6594.63,2.65286198,34.74481224
801980,2022-12-21,6658.06,6650.01,6709.09,6609.16,2.62589175,33.35389405
801980,2022-12-22,6931.57,6693.16,7001.68,6660.88,4.6129931,70.13873546
801980,2022-12-23,6884.24,6915.64,6964.05,6844.62,3.48611081,51.71395805
801980,2022-12-26,6859.45,6876.85,6943.78,6823.35,2.87417843,42.69129132
801980,2022-12-27,7140.83,6888.08,7160.34,6864.91,4.71001762,70.71558506
801980,2022-12-28,7096.79,7103.17,7138.63,7068.18,3.98828373,57.16493362
801980,2022-12-29,7138.25,7057.58,7184.66,7042.91,3.64428008,51.06767967
801980,2022-12-30,7151.56,7157.72,7165.74,7059.18,3.5284579,48.20528179
801980,2023-01-03,7098.78,7140.94,7184.46,6973.12,3.51711062,68.74882287
801980,2023-01-04,7102.39,7082.94,7180.31,7052.0,3.36269996,55.72466993
801980,2023-01-05,7250.78,7102.33,7334.04,7093.4,2.91285429,57.64237802
801980,2023-01-06,7155.48,7232.03,7232.05,7130.88,2.92889469,45.89009526
801980,2023-01-09,7276.4,7160.05,7308.55,7134.13,2.61181589,47.99098799
801980,2023-01-10,7347.22,7266.3,7369.68,7244.52,2.64765295,48.45043353
801980,2023-01-11,7274.04,7341.02,7408.83,7272.63,2.68619541,45.97340246
801980,2023-01-12,7191.01,7269.45,7269.45,7153.02,2.40735747,49.87139369
801980,2023-01-13,7308.74,7207.01,7309.1,7170.82,2.7342394,49.42333834
801980,2023-01-16,7427.93,7296.98,7533.09,7296.98,2.74614925,62.73337235
801980,2023-01-17,7397.13,7405.69,7418.03,7350.02,2.00357942,36.56469177
801980,2023-01-18,7334.55,7382.54,7406.07,7330.7,1.76407942,33.93148735
801980,2023-01-19,7355.0,7320.61,7362.71,7282.44,1.84255122,31.88508888
801980,2023-01-20,7277.65,7362.59,7436.3,7271.17,1.43382547,39.0637108
801980,2023-01-30,7284.92,7358.16,7392.37,7281.72,2.34766012,44.21565729
801980,2023-01-31,7209.51,7253.63,7345.43,7188.92,2.60009013,45.14959551
801980,2023-02-01,7279.8,7214.23,7279.8,7159.36,2.59158203,43.51251251
801980,2023-02-02,7283.0,7279.85,7326.67,7239.43,2.88473216,43.89029939
801980,2023-02-03,7224.93,7285.48,7303.16,7183.2,1.98672486,35.74970301
801980,2023-02-06,7141.43,7211.1,7211.1,7096.58,1.99431306,36.74494832
801980,2023-02-07,7157.19,7158.13,7189.2,7099.95,1.64749333,33.00620297
801980,2023-02-08,7121.95,7140.25,7199.86,7120.88,1.65593225,31.18898137
801980,2023-02-09,7236.81,7139.78,7236.81,7139.78,1.84844685,35.62753887
801980,2023-02-10,7276.23,7236.77,7314.92,7224.27,2.01230037,35.40744972
801980,2023-02-13,7582.24,7263.08,7585.97,7263.08,2.72942726,62.61335117
801980,2023-02-14,7593.81,7585.54,7593.81,7536.85,1.94821067,37.35824725
801980,2023-02-15,7518.73,7593.08,7599.08,7492.87,1.69561084,30.63639213
801980,2023-02-16,7451.83,7506.97,7607.98,7408.32,2.10422016,41.33670705
801980,2023-02-17,7532.78,7447.26,7664.73,7447.26,2.67223129,50.39613919
801980,2023-02-20,7610.63,7514.14,7613.75,7433.14,2.38796358,47.62891732
801980,2023-02-21,7484.93,7609.48,7609.48,7431.75,1.78480404,39.40672043
801980,2023-02-22,7505.07,7431.44,7537.57,7431.44,1.61566167,30.72788358
801980,2023-02-23,7420.1,7495.58,7522.45,7384.0,1.65312281,35.99079194
801980,2023-02-24,7378.93,7418.76,7425.59,7358.54,1.56456366,29.6989567
801980,2023-02-27,7324.37,7359.53,7374.08,7309.68,1.49307738,32.00542528
801980,2023-02-28,7378.86,7335.59,7413.64,7335.59,1.35336259,30.99394856
801980,2023-03-01,7356.28,7375.34,7375.35,7281.9,1.29893471,27.99911708
801980,2023-03-02,7351.53,7339.81,7368.13,7320.46,1.33085108,32.08892577
801980,2023-03-03,7315.95,7342.7,7405.52,7275.2,1.16147877,27.56141498
801980,2023-03-06,7306.07,7313.12,7337.94,7279.14,1.42553498,29.4312744
801980,2023-03-07,7074.05,7302.77,7302.84,7072.45,1.47118221,42.53392102
801980,2023-03-08,7128.19,7069.87,7159.58,7039.25,0.96958025,25.36171054
801980,2023-03-09,7071.33,7210.68,7210.69,6952.7,0.98717277,36.49474818
801980,2023-03-10,6914.13,7046.37,7047.13,6904.5,1.04599295,31.9328593
801980,2023-03-13,6928.52,6880.02,6965.97,6880.02,0.9943705,26.90791528
801980,2023-03-14,6892.5,6916.89,6924.47,6837.47,1.26702038,28.906275
801980,2023-03-15,6792.36,6922.76,6922.76,6791.02,0.98678968,27.82253448
801980,2023-03-16,6872.75,6803.6,6943.88,6803.6,1.03294679,31.90301093
801980,2023-03-17,6767.7,6886.85,6903.06,6766.13,1.14067262,32.66927076
801980,2023-03-20,6633.12,6728.51,6728.51,6609.73,1.23980999,38.20111297
801980,2023-03-21,6784.09,6651.38,6788.33,6651.38,1.28686818,31.83992999
801980,2023-03-22,6814.79,6787.4,6834.51,6787.4,1.10026433,26.82831578
801980,2023-03-23,6783.17,6791.91,6839.54,6763.26,1.11579554,21.18394502
801980,2023-03-24,6787.81,6782.26,6830.48,6781.09,1.04460133,22.57035965
801980,2023-03-27,6783.73,6775.95,6816.69,6712.91,1.02816661,25.27621288
801980,2023-03-28,6904.99,6813.28,6940.12,6791.86,0.93765274,30.28214999
801980,2023-03-29,6948.04,6913.02,7012.12,6889.79,1.10004482,29.07500692
801980,2023-03-30,7020.45,6980.05,7048.17,6955.49,1.23497136,35.87316215
801980,2023-03-31,7034.69,7012.34,7113.45,7003.99,1.25408933,29.54129842
801980,2023-04-03,7062.6,7059.35,7117.01,7029.4,1.45946252,40.15360648
801980,2023-04-04,7006.49,7058.14,7073.91,6944.43,1.4165068,35.92522644
801980,2023-04-06,6961.22,7010.56,7061.54,6959.17,1.43295844,29.27936419
801980,2023-04-07,7012.02,6941.54,7033.95,6931.19,1.28171594,24.86663724
801980,2023-04-10,7011.86,6987.88,7030.14,6965.37,1.40945581,30.10664143
801980,2023-04-11,6997.57,7003.91,7109.47,6949.36,1.09851391,28.99651485
801980,2023-04-12,6890.16,6995.27,7048.74,6889.7,1.06387872,29.74083349
801980,2023-04-13,6963.92,6938.87,7008.75,6927.31,1.0902985,34.041357
801980,2023-04-14,6936.11,6977.66,7026.16,6925.68,1.08081751,31.15522561
801980,2023-04-17,6866.45,6882.16,6927.91,6842.28,1.06524948,32.65970838
801980,2023-04-18,6849.8,6811.99,6869.59,6811.99,1.8290173,40.13068278
801980,2023-04-19,6747.28,6804.84,6855.33,6738.19,1.61938843,41.00573952
801980,2023-04-20,6675.2,6772.06,6772.21,6664.98,1.58066665,39.83515018
801980,2023-04-21,6587.54,6672.84,6767.02,6586.44,1.69759413,38.03246589
801980,2023-04-24,6465.93,6586.04,6587.46,6446.6,1.69587904,40.596707
801980,2023-04-25,6561.53,6493.8,6593.49,6490.64,1.61484164,42.30391458
801980,2023-04-26,6527.98,6639.25,6670.64,6486.64,1.48423231,48.67363306
801980,2023-04-27,6700.6,6482.15,6738.13,6482.15,1.63905027,43.09099409
801980,2023-04-28,6691.94,6648.91,6697.18,6606.21,1.63941481,33.4176797
801980,2023-05-04,6661.85,6681.9,6705.81,6597.37,1.63812758,39.43360585
801980,2023-05-05,6591.43,6651.77,6651.77,6510.61,1.56192692,38.58575604
801980,2023-05-08,6522.53,6591.85,6599.1,6492.23,1.28732934,32.68253521
801980,2023-05-09,6386.98,6501.95,6501.95,6386.71,1.22177595,34.76836878
801980,2023-05-10,6475.31,6361.78,6480.0,6353.64,1.02154618,29.533891
801980,2023-05-11,6508.27,6484.16,6550.94,6457.5,0.94146358,25.67616781
801980,2023-05-12,6458.83,6506.42,6539.62,6450.35,0.92305379,21.32506946
801980,2023-05-15,6505.26,6442.84,6505.26,6373.75,1.03167808,22.59549723
801980,2023-05-16,6498.96,6491.8,6512.28,6448.93,1.97446879,28.10539937
801980,2023-05-17,6428.61,6455.35,6464.75,6406.11,1.42619385,24.09886048
801980,2023-05-18,6377.7,6433.96,6446.19,6342.66,1.2016925,30.45994884
801980,2023-05-19,6451.66,6369.16,6483.42,6338.64,1.78777789,38.30792234
801980,2023-05-22,6627.61,6456.64,6643.29,6454.65,2.56324564,50.77109589
801980,2023-05-23,6546.56,6615.5,6620.77,6546.56,1.91396608,37.28588221
801980,2023-05-24,6434.52,6543.51,6543.51,6433.95,2.18407862,32.04767823
801980,2023-05-25,6413.24,6444.63,6444.63,6352.53,1.79096302,33.88343368
801980,2023-05-26,6379.47,6394.41,6410.48,6333.06,1.32463182,29.02744402
801980,2023-05-29,6326.19,6398.52,6439.58,6294.36,1.35671827,40.13513821
801980,2023-05-30,6277.22,6320.03,6322.18,6202.0,1.49612769,40.01220851
801980,2023-05-31,6256.07,6290.11,6338.19,6238.3,1.81142904,31.14578456
801980,2023-06-01,6278.85,6236.33,6347.31,6236.33,1.69565483,35.82935828
801980,2023-06-02,6290.14,6279.76,6333.94,6253.07,1.57300754,30.646639
801980,2023-06-05,6269.91,6300.02,6300.23,6244.23,1.17483214,25.64129194
801980,2023-06-06,6237.25,6249.6,6316.61,6224.99,1.77484513,32.26793453
801980,2023-06-07,6174.79,6240.99,6248.53,6165.35,1.56101933,30.11229415
801980,2023-06-08,6131.32,6161.99,6173.41,6110.48,1.49676612,30.81120013
801980,2023-06-09,6045.63,6132.49,6140.81,6015.02,1.57842334,41.49345141
801980,2023-06-12,6160.08,6026.53,6178.28,5989.54,1.89377342,40.30770842
801980,2023-06-13,6131.96,6174.44,6201.7,6110.62,1.27487844,28.56190134
801980,2023-06-14,6282.96,6144.76,6335.49,6118.77,2.48264965,44.9979763
801980,2023-06-15,6358.23,6277.45,6359.43,6248.64,2.00702627,41.3367712
801980,2023-06-16,6342.58,6375.54,6375.54,6317.47,1.96134447,33.03929946
801980,2023-06-19,6218.55,6346.71,6346.79,6213.7,1.50242562,31.58248724
801980,2023-06-20,6200.06,6211.6,6256.79,6194.72,1.64879114,28.86390609
801980,2023-06-21,6085.54,6173.21,6184.95,6085.54,1.47594425,28.95798711
801980,2023-06-26,6018.79,6030.27,6083.91,5987.86,1.65309535,29.59834861
801980,2023-06-27,6134.85,6034.52,6149.48,6034.42,1.36206066,25.78493462
801980,2023-06-28,6134.59,6124.21,6159.31,6083.18,1.79100992,25.47971903
801980,2023-06-29,6110.19,6118.49,6139.9,6094.05,1.13140598,20.6270033
801980,2023-06-30,6177.98,6114.74,6232.46,6114.72,1.78382493,26.16374463
801980,2023-07-03,6260.17,6192.44,6261.09,6192.09,2.05119538,32.02907072
801980,2023-07-04,6261.96,6245.87,6269.51,6216.92,1.61104429,26.28313667
801980,2023-07-05,6175.12,6261.14,6261.14,6167.5,1.61241691,23.22095607
801980,2023-07-06,6134.65,6171.54,6212.27,6131.57,1.57921508,21.22953263
801980,2023-07-07,6097.02,6108.18,6124.64,6088.29,1.09776267,16.16433881
801980,2023-07-10,6081.34,6117.03,6159.86,6065.71,1.30869297,21.21140765
801980,2023-07-11,6096.39,6085.7,6101.11,6044.14,1.21876428,21.16517171
801980,2023-07-12,6044.66,6096.15,6096.15,6041.3,1.42082988,20.22057671
801980,2023-07-13,6203.57,6077.39,6207.75,6077.26,1.34910298,29.40563359
801980,2023-07-14,6144.6,6194.95,6210.55,6133.59,1.27959662,23.75562957
801980,2023-07-17,6044.59,6118.55,6118.55,6020.26,1.30814804,23.3564899
801980,2023-07-18,6051.58,6044.14,6060.08,6028.21,1.13812191,17.77568752
801980,2023-07-19,6044.55,6040.91,6068.0,6032.44,1.02739164,17.65610334
801980,2023-07-20,6048.21,6064.74,6106.19,6041.32,1.36500137,22.73613786
801980,2023-07-21,6149.48,6039.5,6177.52,6034.56,1.53504001,31.8541886
801980,2023-07-24,6091.72,6137.82,6137.82,6071.59,1.23667052,21.82329656
801980,2023-07-25,6208.49,6151.15,6237.84,6148.1,1.45181563,34.26367282
801980,2023-07-26,6249.67,6205.48,6267.6,6186.38,1.7907724,30.77408018
801980,2023-07-27,6274.79,6241.75,6298.49,6226.53,1.58375949,29.26501129
801980,2023-07-28,6431.48,6283.2,6434.96,6273.24,2.24552978,46.19470494
801980,2023-07-31,6404.53,6474.48,6487.77,6372.04,2.6854279,55.53922116
801980,2023-08-01,6309.57,6399.29,6414.43,6294.87,1.89860119,44.27581778
801980,2023-08-02,6224.8,6299.27,6299.27,6210.66,1.50318083,35.8366213
801980,2023-08-03,6257.56,6225.34,6268.82,6205.54,1.27508388,29.39297296
801980,2023-08-04,6320.78,6361.4,6380.79,6299.14,1.64888675,45.72210397
801980,2023-08-07,6215.09,6281.37,6285.73,6201.27,1.49666056,32.60093375
801980,2023-08-08,6193.27,6210.03,6229.86,6184.72,1.1898962,27.24407286
801980,2023-08-09,6173.03,6176.88,6196.66,6151.72,1.32196938,30.34959749
801980,2023-08-10,6171.11,6152.52,6179.2,6125.92,1.51255276,26.1953596
801980,2023-08-11,6081.87,6174.14,6174.4,6080.08,1.38307398,27.21412612
801980,2023-08-14,6092.52,6027.83,6095.03,5985.56,1.26889939,28.56715628
801980,2023-08-15,6064.16,6086.79,6094.06,6022.73,0.99174728,28.97707959
801980,2023-08-16,6045.42,6040.81,6116.82,6040.74,1.20281316,29.21539163
801980,2023-08-17,6108.96,6021.64,6116.3,5998.91,1.8423497,30.219705
801980,2023-08-18,6031.1,6115.56,6134.22,6031.1,2.50510512,35.69992978
801980,2023-08-21,5952.36,6018.7,6073.11,5952.36,2.61614112,35.83187416
801980,2023-08-22,5811.7,5967.15,5979.26,5735.43,2.14028768,42.31838079
801980,2023-08-23,5716.0,5807.35,5807.35,5716.0,1.69737707,30.3674237
801980,2023-08-24,5832.23,5715.84,5836.87,5715.84,1.80319861,33.94989537
801980,2023-08-25,5777.37,5875.07,5878.42,5757.84,2.34589287,37.40827548
801980,2023-08-28,5818.99,6076.35,6077.98,5806.6,2.7505733,48.967804
801980,2023-08-29,5965.01,5799.61,5976.86,5782.16,2.05608036,40.79797553
801980,2023-08-30,6059.07,5987.19,6127.01,5987.19,1.8269794,36.48385366
801980,2023-08-31,6087.8,6049.8,6101.25,6017.24,1.71800308,30.10317666
801980,2023-09-01,6110.48,6101.57,6159.97,6093.41,1.51300822,30.45249446
801980,2023-09-04,6215.85,6142.59,6215.85,6120.76,1.98421265,38.2687782
801980,2023-09-05,6179.65,6205.16,6220.26,6161.55,1.62715192,28.67387582
801980,2023-09-06,6143.18,6152.18,6157.56,6118.89,1.2967854,21.77459271
801980,2023-09-07,6018.27,6127.81,6147.66,6012.91,1.40325412,25.14542945
801980,2023-09-11,6051.53,5962.14,6083.09,5935.25,1.25595572,24.56926319
801980,2023-09-12,6011.69,6037.28,6037.28,5978.81,1.20194581,20.68817879
801980,2023-09-13,5953.5,5994.56,6015.73,5908.94,1.28684544,21.11933912
801980,2023-09-14,5902.53,5947.23,5949.4,5875.77,1.20490511,19.67414504
801980,2023-09-15,5936.65,5912.24,5969.89,5888.4,1.39859075,25.11430011
801980,2023-09-18,5991.53,5937.58,6002.74,5911.23,2.11276055,33.25273988
801980,2023-09-19,5858.85,5970.94,5970.94,5829.55,1.75287616,32.74166183
801980,2023-09-20,5821.55,5838.28,5861.18,5820.7,1.6181464,25.19223864
801980,2023-09-21,5736.36,5804.88,5807.13,5728.75,1.4302003,24.37245217
801980,2023-09-22,5745.61,5713.69,5752.22,5686.11,1.59752885,29.19880765
801980,2023-09-25,5759.02,5740.59,5781.34,5717.49,1.10764423,25.69725501
801980,2023-09-26,5711.48,5760.88,5787.33,5711.27,0.80140562,18.84623702
801980,2023-09-27,5766.98,5715.5,5790.42,5715.17,1.70179248,24.763364
801980,2023-09-28,5688.46,5797.12,5813.04,5676.48,1.59946908,27.77207091
801980,2023-10-09,5650.87,5669.89,5670.21,5591.35,1.60445522,30.78313917
801980,2023-10-10,5603.64,5645.12,5679.76,5594.77,1.43894475,23.9887158
801980,2023-10-11,5634.78,5620.99,5688.96,5613.12,1.44646783,24.45650934
801980,2023-10-12,5617.14,5667.39,5682.7,5604.51,1.20684623,21.40280617
801980,2023-10-13,5544.93,5589.76,5592.23,5498.78,1.28036914,25.28161921
801980,2023-10-16,5463.41,5543.14,5548.53,5446.52,1.27251634,22.96031715
801980,2023-10-17,5483.94,5469.7,5486.69,5427.96,1.00184864,16.99342365
801980,2023-10-18,5366.91,5460.34,5460.37,5366.91,0.88225984,17.42147626
801980,2023-10-19,5311.26,5331.54,5386.69,5310.91,1.22721856,19.82321673
801980,2023-10-20,5263.09,5289.94,5328.51,5252.03,1.04638817,17.2936376
801980,2023-10-23,5195.36,5250.58,5260.83,5180.09,1.2556937,19.37476906
801980,2023-10-24,5343.09,5216.84,5350.44,5216.21,1.6548973,32.87158707
801980,2023-10-25,5042.28,5303.76,5303.76,5041.12,1.90595471,53.29601997
801980,2023-10-26,5031.67,5013.27,5085.61,4980.39,1.78023731,37.948299
801980,2023-10-27,5148.53,4992.36,5162.55,4992.3,2.24400824,44.00944832
801980,2023-10-30,5161.09,5123.67,5199.86,5123.67,1.77373899,34.5963325
801980,2023-10-31,5224.31,5164.45,5231.17,5153.03,1.57463717,32.97237465
801980,2023-11-01,5212.55,5267.14,5267.14,5196.82,1.6037657,34.26642113
801980,2023-11-02,5137.79,5204.87,5205.09,5137.79,1.24402836,27.9132894
801980,2023-11-03,5199.93,5135.4,5219.99,5133.78,1.59566957,27.33419463
801980,2023-11-06,5269.95,5234.47,5281.78,5187.76,1.64615306,33.96170486
801980,2023-11-07,5288.84,5262.17,5308.37,5237.8,1.40377745,26.92536066
801980,2023-11-08,5306.86,5287.81,5334.49,5269.57,1.53640614,28.92178344
801980,2023-11-09,5290.07,5303.67,5345.27,5274.11,1.28305401,25.13621225
801980,2023-11-10,5245.25,5266.06,5269.36,5228.24,1.0900959,20.12429776
801980,2023-11-13,5205.35,5259.7,5262.11,5174.96,1.31418764,24.80673236
801980,2023-11-14,5219.34,5204.74,5249.76,5194.08,1.48232637,25.24465722
801980,2023-11-15,5261.39,5256.62,5287.24,5247.94,1.57336423,29.53379091
801980,2023-11-16,5208.88,5261.35,5261.35,5208.88,1.6170797,25.87247119
801980,2023-11-17,5226.11,5188.67,5229.97,5186.17,1.50753473,22.16430045
801980,2023-11-20,5291.39,5226.31,5305.08,5178.64,1.62561969,28.61255333
801980,2023-11-21,5267.44,5298.52,5307.08,5258.12,1.70323499,27.76866258
801980,2023-11-22,5203.49,5256.27,5256.27,5203.49,1.57880614,21.2883995
801980,2023-11-23,5235.34,5189.95,5241.6,5186.88,1.26608071,19.10734262
801980,2023-11-24,5205.34,5227.97,5228.03,5180.9,1.25055264,18.92244935
801980,2023-11-27,5132.86,5192.19,5192.24,5096.6,1.43515907,23.58476837
801980,2023-11-28,5172.39,5119.58,5178.21,5118.61,1.13812343,19.45985417
801980,2023-11-29,5145.95,5166.43,5193.3,5142.39,0.97872458,20.07394056
801980,2023-11-30,5070.09,5142.09,5142.09,5045.58,1.17634794,21.48718831
801980,2023-12-01,5009.03,5061.73,5075.34,4978.51,1.82348823,27.62360306
801980,2023-12-04,4924.17,5002.29,5002.51,4924.08,1.67280857,26.47930343
801980,2023-12-05,4832.58,4911.46,4926.56,4832.58,2.18317205,31.23072271
801980,2023-12-06,4873.53,4815.4,4908.01,4815.4,2.01944992,28.26453888
801980,2023-12-07,4850.03,4869.05,4869.79,4808.85,1.76725375,25.15494492
801980,2023-12-08,4844.52,4842.68,4851.47,4818.59,2.41804866,28.48166276
801980,2023-12-11,4889.77,4828.99,4895.43,4798.34,3.06562932,30.26385181
801980,2023-12-12,4866.08,4884.7,4884.7,4857.88,2.84198465,27.93935512
801980,2023-12-13,4765.61,4856.39,4856.72,4763.97,3.0376006,32.8148066
801980,2023-12-14,4763.72,4788.05,4842.48,4761.79,2.31493646,26.75739903
801980,2023-12-15,4800.47,4781.55,4862.3,4776.42,2.09721069,30.43559519
801980,2023-12-18,4747.57,4796.18,4820.95,4735.12,1.89207168,26.24990389
801980,2023-12-19,4711.24,4739.22,4744.22,4682.82,1.75210858,22.00709693
801980,2023-12-20,4666.03,4720.02,4776.12,4665.39,1.48715245,19.34841369
801980,2023-12-21,4755.39,4650.27,4761.62,4645.96,1.50176624,25.98476016
801980,2023-12-22,4695.44,4748.43,4751.96,4674.14,1.90469619,28.41050923
801980,2023-12-25,4707.96,4687.76,4717.47,4685.86,1.61816713,20.7212291
801980,2023-12-26,4653.61,4709.02,4709.02,4631.57,1.19033742,20.01153079
801980,2023-12-27,4621.93,4654.99,4660.42,4572.23,1.24360166,21.21173471
801980,2023-12-28,4886.75,4612.79,4890.88,4612.78,1.40509973,41.45888143
801980,2023-12-29,4861.05,4873.29,4885.76,4839.24,1.66350394,28.02465591
801980,2024-01-02,4811.38,4864.06,4864.06,4801.96,1.51056899,29.41560189
801980,2024-01-03,4804.91,4796.82,4852.93,4770.91,1.81238227,27.31814612
801980,2024-01-04,4742.51,4800.59,4800.71,4713.3,1.51757188,28.5112589
801980,2024-01-05,4665.42,4736.75,4763.74,4647.53,1.54317834,25.97629213
801980,2024-01-08,4674.61,4685.11,4792.32,4674.61,1.410126,36.76936094
801980,2024-01-09,4773.91,4665.38,4778.13,4624.02,1.41085255,36.93949717
801980,2024-01-10,4951.9,4742.89,5011.55,4733.97,2.31614498,59.94690074
801980,2024-01-11,5002.67,4925.5,5009.94,4914.51,1.8649249,44.49651877
801980,2024-01-12,4902.35,4972.35,5002.67,4899.11,1.6493185,37.31886821
801980,2024-01-15,4948.72,4887.19,4997.78,4873.69,2.11297573,39.54206598
801980,2024-01-16,4935.35,4926.24,4947.67,4842.71,2.84578659,39.25638525
801980,2024-01-17,4837.49,4902.31,4970.34,4837.49,2.22472404,35.49140154
801980,2024-01-18,4926.79,4799.22,4926.87,4774.0,2.52722173,51.56320039
801980,2024-01-19,4864.92,4903.85,4929.12,4859.85,1.91179228,37.60403485
801980,2024-01-22,4606.69,4846.85,4846.85,4575.43,2.30588413,41.53834111
801980,2024-01-23,4641.23,4582.54,4658.49,4544.06,1.98724241,33.54228365
801980,2024-01-24,4684.51,4660.19,4711.47,4521.97,2.0714589,38.05354235
801980,2024-01-25,4728.69,4668.04,4735.01,4583.59,1.82818486,39.36098258
801980,2024-01-26,4613.97,4702.12,4768.14,4609.42,1.7026941,33.89129077
801980,2024-01-29,4469.81,4618.45,4618.55,4469.81,1.65547408,32.2622428
801980,2024-01-30,4334.49,4444.28,4457.21,4326.28,1.48236905,29.51290361
801980,2024-01-31,4211.91,4297.11,4308.21,4211.91,1.61707706,31.19675223
801980,2024-02-01,4202.64,4187.19,4273.11,4142.42,1.51501028,29.83160253
801980,2024-02-02,4118.35,4192.99,4226.35,3994.28,1.94354736,32.42521869
801980,2024-02-05,4071.68,4084.52,4179.37,3885.25,2.25327294,41.48148158
801980,2024-02-06,4315.44,4003.31,4337.07,3991.96,2.90627531,44.62052264
801980,2024-02-07,4394.74,4302.05,4447.95,4302.05,3.10444036,44.78601348
801980,2024-02-08,4489.44,4411.44,4513.49,4403.6,2.92515244,43.64683452
801980,2024-02-19,4531.94,4515.66,4560.25,4476.85,2.38110078,37.27128262
801980,2024-02-20,4550.2,4512.43,4573.19,4506.29,1.84214162,30.40725162
801980,2024-02-21,4617.2,4523.77,4707.61,4512.67,2.36936679,40.08152183
801980,2024-02-22,4663.16,4593.52,4663.16,4586.22,1.77744684,27.81180515
801980,2024-02-23,4754.16,4661.98,4754.19,4647.24,2.11927273,33.20973056
801980,2024-02-26,4715.87,4745.98,4761.16,4679.15,2.24677992,35.12299991
801980,2024-02-27,4766.04,4692.08,4766.04,4689.83,1.78433911,32.17663397
801980,2024-02-28,4645.5,4789.1,4888.61,4645.5,2.88129421,47.25379458
801980,2024-02-29,4819.55,4631.07,4819.55,4628.02,2.12875659,40.38271885
801980,2024-03-01,4761.81,4812.89,4812.89,4724.38,1.72393509,32.76615647
801980,2024-03-04,4753.32,4741.69,4771.94,4706.18,1.69575033,30.48949703
801980,2024-03-05,4678.19,4720.44,4721.7,4658.46,1.67582938,29.99606004
801980,2024-03-06,4702.03,4658.44,4738.69,4640.84,1.78625654,29.68908073
801980,2024-03-07,4661.95,4706.09,4741.48,4650.18,2.18732249,33.8577474
801980,2024-03-08,4655.26,4656.74,4682.59,4626.09,1.49826891,24.27272279
801980,2024-03-11,4818.03,4657.22,4818.34,4653.14,1.47613218,39.50735472
801980,2024-03-12,4930.13,4811.02,4948.46,4811.02,2.076297,45.59245406
801980,2024-03-13,4900.66,4921.18,4944.04,4876.69,1.7766981,34.15700351
801980,2024-03-14,4867.04,4899.87,4941.78,4829.09,1.49736228,29.94902186
801980,2024-03-15,4864.33,4850.56,4895.51,4823.15,1.43478591,23.91865079
801980,2024-03-18,4898.77,4874.4,4899.05,4826.7,1.77794459,31.75977176
801980,2024-03-19,4927.78,4892.57,4985.48,4891.35,1.63312415,33.38618528
801980,2024-03-20,4917.63,4924.83,4928.29,4870.88,1.70939502,34.02884462
801980,2024-03-21,4849.1,4926.76,4926.97,4846.19,1.79549328,33.1262987
801980,2024-03-22,4804.57,4842.38,4846.38,4768.11,1.77013623,31.08881457
801980,2024-03-25,4748.92,4784.86,4825.68,4748.82,1.7347447,25.75218367
801980,2024-03-26,4753.1,4744.95,4763.08,4702.34,1.62248003,23.63523063
801980,2024-03-27,4684.52,4742.06,4775.03,4684.52,1.63882088,27.53613249
801980,2024-03-28,4696.22,4674.35,4749.06,4656.34,1.5460328,24.0595416
801980,2024-03-29,4759.77,4691.43,4760.13,4671.45,1.45328874,22.70973353
801980,2024-04-01,4837.93,4772.83,4837.93,4772.39,1.67620809,27.06819797
801980,2024-04-02,4797.0,4824.74,4825.98,4777.31,1.53680629,23.75741719
801980,2024-04-03,4698.87,4793.42,4820.46,4698.87,1.44777512,33.5073399
801980,2024-04-08,4498.15,4667.76,4667.76,4498.15,1.77351442,36.33365245
801980,2024-04-09,4588.85,4530.12,4589.05,4516.43,1.62567839,29.61985534
801980,2024-04-10,4542.42,4569.74,4570.98,4519.31,1.45751282,24.50631447
801980,2024-04-11,4536.88,4509.94,4580.65,4509.94,1.30661278,22.17913092
801980,2024-04-12,4511.67,4533.06,4561.89,4505.66,1.1697952,19.91182563
801980,2024-04-15,4505.07,4497.31,4548.58,4449.66,2.10272331,27.30796338
801980,2024-04-16,4423.1,4476.24,4493.72,4416.09,2.03741534,27.91365333
801980,2024-04-17,4516.87,4426.44,4517.8,4426.44,1.83223297,28.15267004
801980,2024-04-18,4511.82,4495.43,4550.33,4455.4,1.50968843,26.93213986
801980,2024-04-19,4431.22,4520.63,4521.9,4411.57,1.39572806,30.95965499
801980,2024-04-22,4512.97,4424.26,4536.66,4424.26,1.37442682,28.15587506
801980,2024-04-23,4622.86,4521.54,4622.86,4521.54,1.826249,37.82553711
801980,2024-04-24,4645.52,4612.67,4647.53,4581.2,2.0099262,36.77471071
801980,2024-04-25,4640.59,4639.09,4665.34,4617.77,1.49934249,28.65675162
801980,2024-04-26,4662.25,4623.93,4679.25,4615.8,1.98093217,38.28101307
801980,2024-04-29,4761.36,4653.4,4808.13,4653.4,2.03489283,42.49916448
801980,2024-04-30,4750.69,4776.59,4808.39,4750.69,1.70188293,30.45185111
801980,2024-05-06,4942.63,4822.26,4949.83,4822.26,2.49687396,49.7063613
801980,2024-05-07,4942.26,4945.25,4954.18,4913.65,2.16515488,37.69534221
801980,2024-05-08,4875.3,4941.39,4951.07,4866.71,1.97014706,31.79125849
801980,2024-05-09,4958.56,4873.86,4964.12,4873.86,2.33270116,35.17843291
801980,2024-05-10,4873.27,4968.18,4970.35,4868.13,2.29667539,34.0182582
801980,2024-05-13,4805.41,4819.56,4828.73,4785.87,2.01387684,30.23311455
801980,2024-05-14,4901.85,4801.9,4901.85,4801.9,1.71865785,32.10805041
801980,2024-05-15,4851.56,4893.8,4899.72,4851.01,1.54217556,28.45705259
801980,2024-05-16,4811.34,4858.4,4858.4,4801.45,1.43505203,27.47117327
801980,2024-05-17,4838.31,4803.23,4857.77,4781.3,1.45047703,26.99666455
801980,2024-05-20,4851.7,4834.36,4897.63,4834.36,1.53653474,30.72458082
801980,2024-05-21,4816.56,4841.26,4841.26,4797.43,1.19209804,20.7249803
801980,2024-05-22,4829.59,4970.55,4970.55,4822.58,2.04022405,43.81588622
801980,2024-05-23,4720.42,4783.8,4786.22,4701.64,1.736543,33.80923715
801980,2024-05-24,4641.3,4699.96,4722.52,4641.3,1.06885807,20.64922105
801980,2024-05-27,4680.3,4647.46,4681.4,4609.12,1.15051417,20.34147609
801980,2024-05-28,4598.25,4667.27,4667.31,4598.25,1.11164374,18.67849104
801980,2024-05-29,4590.93,4584.76,4625.45,4577.56,1.00740759,16.62150485
801980,2024-05-30,4571.66,4590.22,4590.47,4545.34,1.0525947,17.22264333
801980,2024-05-31,4575.45,4578.8,4602.93,4573.24,0.94694692,16.06326105
801980,2024-06-03,4517.76,4569.6,4582.73,4493.27,1.47972797,20.818871
801980,2024-06-04,4584.89,4505.9,4590.62,4499.75,1.28704128,22.79956226
801980,2024-06-05,4537.91,4577.77,4615.63,4536.0,1.18165613,19.12326494
801980,2024-06-06,4457.23,4542.53,4557.0,4438.52,1.78318255,24.30529802
801980,2024-06-07,4449.09,4473.99,4493.63,4408.81,1.3748683,18.59575852
801980,2024-06-11,4448.93,4437.94,4448.93,4369.12,1.15976819,20.04773901
801980,2024-06-12,4438.6,4438.95,4463.29,4428.02,1.09974377,19.59378119
801980,2024-06-13,4389.22,4437.38,4437.43,4360.76,1.18706466,21.23491855
801980,2024-06-14,4365.39,4374.11,4379.44,4299.99,1.23972505,25.54346104
801980,2024-06-17,4329.15,4325.65,4354.19,4319.35,1.14258626,18.9662669
801980,2024-06-18,4375.02,4332.12,4376.53,4332.12,0.99987086,18.0604642
801980,2024-06-19,4318.32,4376.05,4376.05,4318.32,0.90485411,15.07574073
801980,2024-06-20,4254.64,4321.1,4321.1,4254.64,1.07927198,17.25518893
801980,2024-06-21,4235.34,4259.37,4292.86,4225.26,1.47732338,20.68563724
801980,2024-06-24,4186.54,4212.79,4251.51,4183.18,1.96670092,26.20580082
801980,2024-06-25,4159.21,4180.74,4208.97,4140.46,1.65844976,21.28246213
801980,2024-06-26,4273.35,4158.32,4274.85,4143.65,1.44626021,22.46828169
801980,2024-06-27,4198.17,4262.94,4265.97,4195.25,1.31727566,19.95030576
801980,2024-06-28,4167.1,4196.26,4230.66,4153.78,1.21220295,18.48700824
801980,2024-07-01,4171.79,4158.76,4176.78,4119.07,1.11787004,17.03526533
801980,2024-07-02,4128.39,4175.75,4178.73,4120.01,1.21060771,17.6685077
801980,2024-07-03,4075.88,4124.81,4131.74,4054.72,1.0492806,18.27851579
801980,2024-07-04,3978.8,4076.22,4087.44,3978.14,1.52852223,19.42458406
801980,2024-07-05,4022.85,3976.47,4026.98,3948.65,1.08540771,17.76712283
801980,2024-07-08,3932.22,4015.0,4015.09,3924.88,1.52427994,18.33205909
801980,2024-07-09,3993.82,3933.93,4005.81,3903.35,2.05553177,20.97466175
801980,2024-07-10,4023.26,3979.9,4066.07,3967.23,1.76973945,19.29106026
801980,2024-07-11,4138.37,4085.19,4159.01,4074.16,2.1648124,28.02823061
801980,2024-07-12,4149.69,4132.56,4161.7,4123.41,1.61394391,18.24271876
801980,2024-07-15,4078.93,4128.6,4134.71,4064.99,1.21254641,13.87606576
801980,2024-07-16,3994.18,4065.05,4068.16,3974.65,1.1321412,18.28073748
801980,2024-07-17,4028.59,3986.79,4049.29,3979.5,1.11371492,18.78039555
801980,2024-07-18,4052.99,4007.56,4063.71,3992.12,1.21167765,18.33170863
801980,2024-07-19,4049.66,4033.99,4068.26,4010.51,0.99759369,14.17748847
801980,2024-07-22,4024.16,4044.87,4048.53,3997.76,0.9937191,15.14679767
801980,2024-07-23,3872.73,4017.6,4017.72,3872.73,1.25890228,17.38391142
801980,2024-07-24,3806.47,3870.04,3877.53,3806.47,1.2863222,15.59366602
801980,2024-07-25,3851.28,3800.96,3889.94,3787.05,0.98043719,14.99203685
801980,2024-07-26,3887.97,3850.65,3905.14,3850.41,0.96349106,12.53134609
801980,2024-07-29,3834.07,3888.07,3888.18,3834.07,0.85208611,12.51084063
801980,2024-07-30,3848.43,3837.11,3869.18,3818.56,0.97065021,13.77039896
801980,2024-07-31,4061.11,3843.76,4061.63,3840.13,1.73887758,28.86640296
801980,2024-08-01,3986.76,4047.29,4060.36,3977.14,1.36247697,21.12071274
801980,2024-08-02,3963.26,3962.76,4034.95,3958.09,1.05473633,17.13723088
801980,2024-08-05,3928.05,3946.37,4037.41,3928.05,1.45277395,22.38540218
801980,2024-08-06,4005.5,3959.09,4018.31,3958.97,1.17985221,17.95330442
801980,2024-08-07,4019.91,4003.23,4029.72,3971.91,0.8769561,14.04500174
801980,2024-08-08,4058.6,4003.5,4085.64,3980.4,1.42106759,20.52682949
801980,2024-08-09,3987.98,4051.54,4072.58,3987.98,1.34798894,17.03490162
801980,2024-08-12,3966.45,3972.89,4005.26,3956.91,1.03216481,13.01887952
801980,2024-08-13,3961.92,3961.39,3964.47,3923.05,0.93126862,12.65936283
801980,2024-08-14,3903.42,3952.83,3952.86,3902.39,0.84723926,12.57566068
801980,2024-08-15,3897.43,3895.36,3951.75,3869.42,1.04503005,14.59353056
801980,2024-08-16,3904.57,3909.44,3943.92,3875.28,1.55371452,17.89907573
801980,2024-08-19,3842.39,3871.39,3906.1,3840.72,1.53320634,19.24026845
801980,2024-08-20,3771.06,3842.83,3853.91,3764.43,1.92101756,16.61456537
801980,2024-08-21,3751.84,3763.76,3791.39,3745.1,1.43539815,12.96850601
801980,2024-08-22,3590.45,3703.29,3703.29,3586.39,1.58091169,24.13774106
801980,2024-08-23,3581.0,3574.04,3613.84,3556.75,1.34233794,16.61631948
801980,2024-08-26,3524.71,3552.96,3567.8,3512.03,1.2839687,17.04114708
801980,2024-08-27,3521.94,3519.08,3543.91,3496.72,1.0818366,13.40187133
801980,2024-08-28,3539.72,3534.94,3572.68,3519.32,1.4968965,18.89246968
801980,2024-08-29,3650.86,3538.56,3663.76,3538.56,1.44430448,21.20868573
801980,2024-08-30,3731.08,3657.31,3781.85,3630.57,1.73188253,26.66981825
801980,2024-09-02,3620.43,3711.76,3711.76,3620.43,1.37458945,18.99191583
801980,2024-09-03,3654.36,3622.87,3685.03,3615.2,1.32379378,14.70065412
801980,2024-09-04,3649.26,3637.16,3684.92,3637.16,1.15694682,13.02462665
801980,2024-09-05,3671.95,3653.42,3673.46,3634.05,1.03608594,12.38005106
801980,2024-09-06,3588.07,3672.41,3672.41,3584.49,1.00686929,11.94748589
801980,2024-09-09,3547.27,3570.32,3590.04,3531.64,1.03871617,12.24975311
801980,2024-09-10,3580.77,3549.48,3590.5,3514.95,1.20008407,13.32974567
801980,2024-09-11,3596.53,3564.77,3620.54,3548.97,0.86547608,10.3584591
801980,2024-09-12,3551.55,3593.32,3629.49,3549.95,0.92284045,10.21942282
801980,2024-09-13,3491.26,3540.23,3551.05,3484.14,1.05120025,12.94250991
801980,2024-09-18,3476.61,3493.47,3493.47,3435.14,1.26305413,13.69816468
801980,2024-09-19,3544.61,3489.68,3589.52,3476.31,1.51006034,19.75045318
801980,2024-09-20,3488.61,3535.21,3535.33,3468.63,1.48436355,17.57886594
801980,2024-09-23,3471.59,3480.94,3512.11,3466.56,0.89498829,14.80321044
801980,2024-09-24,3654.8,3505.22,3654.86,3476.2,2.07637837,30.55799383
801980,2024-09-25,3684.68,3703.85,3772.02,3683.67,2.18994626,35.00917443
801980,2024-09-26,3958.41,3673.28,3958.41,3673.28,2.38827457,43.06487802
801980,2024-09-27,4338.72,4116.39,4364.38,4070.55,3.06454032,63.85484155
801980,2024-09-30,4925.81,4677.65,4941.46,4544.67,5.26632882,108.9674612
801980,2024-10-08,5486.86,5659.79,5659.79,5117.77,5.96977221,148.87769696
801980,2024-10-09,4764.6,5185.04,5189.62,4764.6,4.13003273,101.45867775
801980,2024-10-10,4771.95,4793.41,4896.08,4670.36,2.71529022,59.53014527
801980,2024-10-11,4531.94,4723.07,4745.91,4479.65,2.80822438,50.20064585
801980,2024-10-14,4557.76,4530.06,4579.64,4393.14,3.46244761,53.71907725
801980,2024-10-15,4393.88,4504.78,4533.63,4392.75,2.68153432,48.12456409
801980,2024-10-16,4347.88,4322.98,4418.92,4309.84,4.28574023,43.14414504
801980,2024-10-17,4361.49,4378.8,4437.15,4356.34,4.01067963,46.01609415
801980,2024-10-18,4560.03,4339.35,4717.06,4334.67,4.71548667,69.71673881
801980,2024-10-21,4550.48,4554.11,4622.96,4474.58,4.06458189,61.76530875
801980,2024-10-22,4638.89,4544.39,4646.14,4544.39,4.20754352,55.63764991
801980,2024-10-23,4617.53,4632.74,4670.94,4600.11,3.14417399,53.76901859
801980,2024-10-24,4573.99,4535.86,4588.3,4522.21,4.38776772,58.17003286
801980,2024-10-25,4649.03,4544.88,4673.97,4517.55,4.64039864,67.88445571
801980,2024-10-28,4775.27,4703.88,4796.16,4698.03,3.16940197,59.07878986
801980,2024-10-29,4703.92,4842.88,4842.88,4703.92,3.05757866,58.0641232
801980,2024-10-30,4760.14,4704.58,4804.93,4625.01,4.41894007,73.94764729
801980,2024-10-31,4707.94,4721.57,4754.01,4682.71,4.12906127,67.68913096
801980,2024-11-01,4695.9,4711.26,4771.75,4673.68,6.22404918,83.50987371
801980,2024-11-04,4710.52,4650.96,4710.52,4650.96,2.70668977,46.27044798
801980,2024-11-05,4815.7,4677.96,4816.65,4652.94,5.89782411,87.77960972
801980,2024-11-06,4825.2,4820.77,4917.61,4783.94,6.27534227,98.05251665
801980,2024-11-07,5047.66,4769.29,5047.66,4767.71,5.36496633,103.73808223
801980,2024-11-08,4950.73,5067.01,5072.12,4916.33,4.94012433,87.18185144
801980,2024-11-11,4935.51,4892.08,4936.39,4831.14,4.08778222,69.56040281
801980,2024-11-12,4924.24,4952.86,5062.03,4885.37,4.47548393,82.45297612
801980,2024-11-13,4864.32,4888.62,4929.48,4796.51,3.48838701,60.06277336
801980,2024-11-14,4737.74,4857.6,4883.01,4731.91,3.37940744,53.79573591
801980,2024-11-15,4610.2,4718.75,4742.16,4610.2,3.6872144,54.05611789
801980,2024-11-18,4542.94,4610.01,4639.03,4521.12,2.89657557,45.22541943
801980,2024-11-19,4654.47,4556.41,4654.47,4527.72,2.55961571,39.98345177
801980,2024-11-20,4689.14,4637.15,4694.32,4623.71,3.10628134,42.51825556
801980,2024-11-21,4683.4,4667.61,4695.45,4636.98,3.86851274,47.05098693
801980,2024-11-22,4484.02,4680.07,4680.07,4484.02,3.38397728,47.72682554
801980,2024-11-25,4499.94,4477.23,4508.23,4437.7,2.87101222,39.05870106
801980,2024-11-26,4506.24,4505.06,4566.27,4503.57,2.22872895,31.89685147
801980,2024-11-27,4583.73,4502.83,4584.1,4439.1,4.1325977,41.03382013
801980,2024-11-28,4583.28,4591.81,4636.69,4576.76,3.20466493,36.36163492
801980,2024-11-29,4668.58,4589.98,4709.76,4589.98,5.11868297,58.28123793
801980,2024-12-02,4795.71,4672.65,4795.71,4672.65,5.09751282,63.95151865
801980,2024-12-03,4754.19,4793.12,4793.12,4723.78,4.8190808,54.70318672
801980,2024-12-04,4649.6,4740.48,4740.48,4631.84,4.69405897,52.09188141
801980,2024-12-05,4645.4,4631.1,4662.48,4613.48,3.57037714,41.39265327
801980,2024-12-06,4725.24,4643.02,4744.68,4629.43,4.30417502,51.34125423
801980,2024-12-09,4679.1,4718.27,4718.49,4651.7,4.08095341,47.53788541
801980,2024-12-10,4784.21,4933.78,4964.24,4773.32,5.70968671,96.69433977
801980,2024-12-11,4869.71,4765.83,4895.38,4765.83,4.08793781,69.97489254
801980,2024-12-12,4978.48,4848.99,4987.72,4836.2,4.36520415,75.05259247
801980,2024-12-13,4845.64,4943.5,4943.5,4833.3,4.13943571,81.1243545
801980,2024-12-16,4799.93,4840.49,4841.0,4774.24,4.03818933,64.36457216
801980,2024-12-17,4696.74,4784.49,4789.59,4685.91,3.90096719,56.41131086
801980,2024-12-18,4684.57,4704.36,4728.28,4665.61,3.33140455,47.62249246
801980,2024-12-19,4648.12,4631.41,4658.71,4596.77,3.09077475,47.18940415
801980,2024-12-20,4712.19,4650.2,4786.66,4650.2,3.66338783,59.58678289
801980,2024-12-23,4546.61,4689.65,4689.65,4541.51,3.30948571,50.95426275
801980,2024-12-24,4619.19,4551.35,4623.44,4534.66,3.12370949,44.03250933
801980,2024-12-25,4589.94,4616.48,4616.48,4545.07,3.22346642,41.24438123
801980,2024-12-26,4592.53,4584.69,4615.43,4584.69,3.16286268,39.50821037
801980,2024-12-27,4572.76,4586.74,4614.26,4559.01,2.82248838,40.20812495
801980,2024-12-30,4441.61,4556.61,4556.61,4437.86,2.54131439,44.70613316
801980,2024-12-31,4358.5,4446.77,4464.81,4357.13,2.62311317,41.16408878
801980,2025-01-02,4321.55,4359.04,4434.21,4281.26,3.33225556,50.35482663
801980,2025-01-03,4183.63,4318.55,4318.77,4180.7,3.05817043,42.71160539
801980,2025-01-06,4179.12,4180.88,4226.85,4144.81,2.54065667,35.19309187
801980,2025-01-07,4213.46,4180.48,4213.66,4137.88,2.23242947,30.60889763
801980,2025-01-08,4221.35,4215.78,4243.87,4122.34,2.87478807,38.54155664
801980,2025-01-09,4173.88,4187.32,4232.51,4168.73,2.07238449,27.44728479
801980,2025-01-10,4069.5,4168.04,4185.81,4069.5,2.079813,27.54020062
801980,2025-01-13,4117.77,4033.91,4117.78,4027.08,1.610505,25.62142221
801980,2025-01-14,4268.42,4123.66,4274.59,4123.66,2.27943206,37.70886144
801980,2025-01-15,4238.5,4264.01,4265.01,4229.0,1.72949762,24.68317149
801980,2025-01-16,4247.35,4248.05,4316.17,4215.89,2.03651061,33.08456088
801980,2025-01-17,4246.27,4232.81,4269.48,4214.27,2.12738839,30.50285383
801980,2025-01-20,4266.83,4281.65,4295.7,4254.9,1.91915925,31.00066241
801980,2025-01-21,4266.25,4286.42,4286.42,4217.99,1.78297038,26.28176918
801980,2025-01-22,4212.54,4248.44,4248.44,4193.03,1.70175271,24.10628955
801980,2025-01-23,4214.6,4250.03,4286.06,4214.6,1.83526455,28.14472488
801980,2025-01-24,4234.84,4207.36,4240.71,4191.3,1.6451247,24.30802365
801980,2025-01-27,4197.05,4242.76,4269.62,4197.05,1.6319713,24.57288444
801980,2025-02-05,4154.87,4204.88,4204.88,4145.79,1.66761543,25.6852515
801980,2025-02-06,4212.36,4149.4,4212.36,4134.77,1.88474691,29.2346537
801980,2025-02-07,4271.05,4204.11,4315.64,4201.25,2.70035054,41.92453174
801980,2025-02-10,4309.22,4273.2,4309.22,4241.98,2.77037044,40.33147802
801980,2025-02-11,4277.18,4312.29,4312.29,4258.95,2.4775854,34.0520656
801980,2025-02-12,4303.09,4262.03,4303.09,4241.33,2.72658287,35.76796209
801980,2025-02-13,4340.03,4296.74,4381.23,4296.74,2.57069884,45.00208061
801980,2025-02-14,4351.35,4328.75,4367.18,4319.95,2.19667122,33.85887248
801980,2025-02-17,4336.15,4359.14,4375.03,4310.23,2.52312581,36.8610164
801980,2025-02-18,4218.06,4324.28,4324.28,4208.61,2.24272389,33.94321562
801980,2025-02-19,4257.05,4216.28,4257.55,4204.06,1.6335931,25.53586435
801980,2025-02-20,4328.24,4252.46,4336.87,4252.46,3.19280981,43.99214274
801980,2025-02-21,4318.05,4331.66,4359.28,4287.69,2.79841244,40.03689138
801980,2025-02-24,4297.83,4281.93,4324.61,4263.31,2.40031888,39.12938588
801980,2025-02-25,4243.31,4261.44,4290.79,4237.51,1.82963276,30.19147418
801980,2025-02-26,4290.27,4248.58,4290.52,4245.86,2.13288467,34.11424016
801980,2025-02-27,4377.9,4291.22,4377.9,4291.22,2.63391262,46.42001818
801980,2025-02-28,4294.26,4364.16,4381.87,4290.25,3.41042945,48.12376667
801980,2025-03-03,4355.64,4295.91,4432.5,4295.91,3.70568594,54.08479779
801980,2025-03-04,4352.36,4341.21,4352.36,4310.16,3.21981088,45.20348805
801980,2025-03-05,4326.72,4342.34,4342.34,4286.54,2.69376525,36.82449181
801980,2025-03-06,4408.84,4334.61,4412.03,4334.61,2.80408972,45.22427449
801980,2025-03-07,4384.11,4396.11,4396.11,4363.3,2.39503701,37.42483834
801980,2025-03-10,4418.76,4380.91,4420.5,4379.64,2.11196699,36.36694265
801980,2025-03-11,4630.19,4464.37,4633.71,4450.66,3.21800128,78.83587608
801980,2025-03-12,4583.46,4632.78,4660.82,4579.08,3.10861676,62.44456249
801980,2025-03-13,4658.66,4572.17,4710.14,4572.17,2.7419817,65.53302315
801980,2025-03-14,4742.76,4666.37,4756.67,4647.03,3.5406704,77.18444047
801980,2025-03-17,4708.12,4732.44,4769.98,4690.54,3.66587212,78.95469186
801980,2025-03-18,4675.31,4704.31,4704.31,4657.1,3.11158502,63.04352867
801980,2025-03-19,4638.76,4651.85,4651.85,4607.98,2.06677225,40.91301865
801980,2025-03-20,4592.99,4619.8,4631.9,4588.1,1.99421178,36.12846833
801980,2025-03-21,4550.42,4583.29,4621.23,4525.99,2.1507239,40.41676521
801980,2025-03-24,4532.11,4545.84,4550.96,4482.03,2.32792421,36.89006883
801980,2025-03-25,4529.49,4533.38,4544.76,4489.99,1.69676346,32.55105889
801980,2025-03-26,4528.43,4518.02,4536.66,4512.83,1.65804542,27.43917353
801980,2025-03-27,4523.97,4517.03,4541.8,4468.22,1.77399808,31.60781729
801980,2025-03-28,4475.76,4516.87,4538.01,4475.76,2.06504766,30.72386964
801980,2025-03-31,4440.78,4449.27,4472.04,4402.32,2.03498478,33.51186136
801980,2025-04-01,4466.81,4446.44,4514.86,4445.38,2.06241971,36.38053569
801980,2025-04-02,4512.09,4451.5,4524.31,4451.5,1.91436612,31.0340478
801980,2025-04-03,4528.44,4471.74,4553.11,4471.74,3.22188885,44.85142092
801980,2025-04-07,4095.7,4325.26,4363.99,3997.04,4.50951615,64.33891466
801980,2025-04-08,4226.6,4113.3,4226.6,4113.3,4.17078496,58.57652132
801980,2025-04-09,4317.53,4168.28,4342.27,4082.56,4.69849847,60.62523161
801980,2025-04-10,4435.09,4347.25,4478.79,4347.25,4.38053928,64.85991922
801980,2025-04-11,4413.03,4420.03,4440.22,4383.43,5.27076744,62.8189401
801980,2025-04-14,4501.74,4433.82,4512.46,4433.82,5.55090522,66.41882589
801980,2025-04-15,4603.85,4490.3,4643.55,4465.27,6.77928676,87.32844247
801980,2025-04-16,4555.94,4577.8,4577.8,4490.69,5.98803578,68.99730782
801980,2025-04-17,4543.88,4528.87,4585.53,4523.85,5.57042724,59.83576647
801980,2025-04-18,4432.03,4522.84,4522.84,4428.64,4.85970917,53.70276056
801980,2025-04-21,4525.71,4403.73,4529.15,4403.73,5.33673756,59.83304121
801980,2025-04-22,4528.06,4544.11,4555.11,4512.09,3.43193877,48.10349133
801980,2025-04-23,4484.86,4536.23,4538.26,4481.48,3.76885748,53.11752026
801980,2025-04-24,4556.87,4481.14,4583.76,4468.34,6.77129128,85.42138401
801980,2025-04-25,4600.55,4591.12,4652.82,4589.5,5.85267674,80.59913398
801980,2025-04-28,4581.41,4591.32,4601.69,4554.11,4.56675318,74.76521929
801980,2025-04-29,4700.5,4579.18,4712.92,4576.04,4.31098532,71.0902164
801980,2025-04-30,4713.82,4688.7,4790.91,4681.72,4.38132401,72.54134896
801980,2025-05-06,4734.16,4696.09,4735.77,4682.74,3.62396189,60.11766573
801980,2025-05-07,4773.82,4785.26,4811.1,4750.24,4.73301631,67.47400808
801980,2025-05-08,4727.91,4753.1,4753.1,4707.92,3.55470297,52.67835415
801980,2025-05-09,4794.49,4722.8,4827.2,4722.8,4.27856872,68.76155236
801980,2025-05-12,4792.54,4793.33,4801.75,4760.98,3.58245367,58.30791761
801980,2025-05-13,4848.94,4802.5,4877.08,4766.22,4.58957779,71.21534422
801980,2025-05-14,4830.15,4826.63,4848.66,4782.9,5.79502377,76.4464082
801980,2025-05-15,5008.03,4818.45,5010.93,4806.81,8.63631185,122.76216839
801980,2025-05-16,4942.21,4969.48,4969.48,4903.99,8.54405744,107.87990222
801980,2025-05-19,4987.75,4928.47,4995.05,4865.49,7.74341489,99.59958914
801980,2025-05-20,5112.37,4965.52,5225.32,4965.52,8.60215984,139.03826844
801980,2025-05-21,5056.47,5070.53,5122.5,5042.83,6.65843132,108.07241838
801980,2025-05-22,4954.03,5027.59,5129.03,4945.9,8.06033528,115.90938764
801980,2025-05-23,4869.06,4937.22,4969.05,4869.06,5.96514441,86.83866992
801980,2025-05-26,4868.69,4860.23,4880.91,4809.76,4.74565509,69.09915909
801980,2025-05-27,4911.62,4850.73,4912.23,4822.72,6.28833534,84.6037467
801980,2025-05-28,4924.31,4910.02,4966.4,4868.72,7.61823618,99.50256771
801980,2025-05-29,4895.02,4911.17,4911.17,4860.79,6.55619447,89.74566428
801980,2025-05-30,4833.94,4892.72,4923.87,4833.94,6.50049607,86.73188615
801980,2025-06-03,5020.66,4821.49,5042.43,4821.49,7.00429502,120.02770685
801980,2025-06-04,5152.87,5013.09,5153.1,5012.16,7.85411868,130.328226
801980,2025-06-05,4994.59,5137.43,5159.71,4994.34,6.75228407,115.23506418
801980,2025-06-06,4909.44,4981.42,4981.42,4891.39,4.8711449,84.55820969
801980,2025-06-09,4943.0,4912.0,4951.06,4886.02,4.73528257,75.74957045
801980,2025-06-10,4997.36,4939.48,5016.6,4930.7,7.16854492,110.6513174
801980,2025-06-11,4992.44,4988.9,5009.9,4969.1,5.98114731,91.17880176
801980,2025-06-12,5057.72,4979.5,5069.97,4979.5,5.97937699,101.96237607
801980,2025-06-13,4849.54,5011.68,5011.68,4848.47,5.65301537,100.75817071
801980,2025-06-16,4825.65,4826.18,4856.25,4797.4,4.20662326,72.48637661
801980,2025-06-17,4765.84,4828.21,4850.32,4752.77,4.047063,68.73965618
801980,2025-06-18,4683.32,4749.91,4749.91,4671.33,4.44102421,66.54867943
801980,2025-06-19,4576.48,4672.77,4672.77,4563.54,4.09321769,61.53033754
801980,2025-06-20,4565.44,4570.51,4588.12,4550.27,2.7197079,42.99426169
801980,2025-06-23,4591.03,4541.09,4593.35,4541.09,2.92423818,44.58130724
801980,2025-06-24,4642.89,4602.1,4651.89,4597.36,3.09657826,48.81093015
801980,2025-06-25,4651.09,4648.29,4657.22,4592.12,3.3537662,56.94329965
801980,2025-06-26,4602.85,4642.69,4642.69,4597.21,3.16665916,50.4161584
801980,2025-06-27,4613.04,4601.09,4638.46,4600.71,2.79529138,46.274851
801980,2025-06-30,4659.39,4605.3,4659.39,4587.82,3.20746014,53.18788393
801980,2025-07-01,4690.15,4657.31,4700.68,4652.57,3.36712259,57.65486829
801980,2025-07-02,4638.99,4681.75,4681.92,4625.39,2.81318922,44.99563191
801980,2025-07-03,4674.89,4638.42,4714.93,4638.42,2.44730882,48.4040975
801980,2025-07-04,4587.59,4672.78,4672.78,4582.63,3.1141217,52.4283559
801980,2025-07-07,4608.69,4586.95,4622.55,4575.07,3.22736935,45.74935037
801980,2025-07-08,4658.77,4614.91,4671.3,4614.91,4.74636415,65.2593431
801980,2025-07-09,4659.6,4648.9,4705.87,4648.3,4.15835374,61.90881831
801980,2025-07-10,4647.49,4650.47,4654.03,4627.98,3.42971072,49.31251391
801980,2025-07-11,4657.4,4646.69,4677.94,4629.96,3.47163892,52.99670428
801980,2025-07-14,4677.73,4660.12,4678.55,4638.63,3.3608706,51.20017276
801980,2025-07-15,4606.14,4671.41,4671.41,4581.44,4.35287642,61.30733656
801980,2025-07-16,4637.92,4598.43,4659.21,4595.29,2.74664083,43.48476348
801980,2025-07-17,4652.77,4642.36,4652.77,4627.9,2.97672276,46.75695172
801980,2025-07-18,4650.78,4653.57,4657.46,4620.69,3.48810489,51.13953017
801980,2025-07-21,4687.02,4650.56,4687.02,4640.67,3.24441687,52.58287528
801980,2025-07-22,4760.43,4712.29,4786.61,4712.29,3.34746277,70.6134628
801980,2025-07-23,4788.43,4775.7,4820.39,4763.27,4.44717354,84.46012255
801980,2025-07-24,4936.88,4809.89,4936.88,4804.27,4.65442824,105.29275696
801980,2025-07-25,4903.02,4928.88,4939.84,4872.62,4.017194,86.44041988
801980,2025-07-28,4865.36,4877.4,4877.4,4827.8,3.75438239,79.15716464
801980,2025-07-29,4830.85,4901.17,4901.17,4803.03,4.01559424,72.25526321
801980,2025-07-30,4821.95,4811.09,4843.95,4771.5,3.50870101,64.90487162
801980,2025-07-31,4728.94,4807.01,4807.01,4719.35,2.88407458,56.52943959
801980,2025-08-01,4741.16,4741.34,4768.58,4718.59,2.47810399,44.76955047
801980,2025-08-04,4755.7,4716.32,4756.13,4712.72,2.48656743,44.53362974
801980,2025-08-05,4782.73,4765.73,4782.73,4750.88,2.45152681,43.78546839
801980,2025-08-06,4796.02,4798.68,4798.68,4758.8,2.42606604,42.98933073
801980,2025-08-07,4843.45,4797.99,4864.06,4797.73,3.24248915,69.03055204
801980,2025-08-08,4821.7,4848.13,4851.22,4795.56,2.94956222,56.43468264
801980,2025-08-11,4861.81,4823.27,4871.51,4797.34,3.04055306,58.46620284
801980,2025-08-12,4860.19,4871.19,4904.91,4854.05,3.15634855,57.83069905
801980,2025-08-13,4873.53,4879.47,4892.98,4842.3,2.98958732,57.8000548
801980,2025-08-14,4794.07,4869.01,4875.38,4786.71,3.5148022,63.37812639
801980,2025-08-15,4824.91,4776.42,4828.61,4753.6,2.6306269,51.10610583
801980,2025-08-18,4879.65,4820.22,4904.02,4820.22,2.78678218,61.45029848
801980,2025-08-19,4886.31,4864.66,4893.27,4854.88,3.57421089,65.48638083
801980,2025-08-20,5004.8,4877.74,5004.8,4871.11,4.49066491,87.83060357
801980,2025-08-21,5053.77,5003.45,5108.21,5003.45,4.97916948,96.37046992
801980,2025-08-22,5083.02,5072.35,5083.02,5035.07,3.89413058,82.71660843
801980,2025-08-25,5083.55,5088.56,5093.39,5034.71,4.02794193,86.81298705
801980,2025-08-26,5187.41,5086.42,5203.51,5086.42,4.1393922,96.16602517
801980,2025-08-27,4987.11,5135.7,5147.69,4987.11,4.32944916,106.45782152
801980,2025-08-28,4998.28,4976.91,5054.28,4869.09,4.07754833,90.03754524
801980,2025-08-29,5052.44,4995.11,5112.51,4995.11,3.31463002,79.82682702
801980,2025-09-01,5078.77,5041.96,5082.75,5018.5,2.94877546,73.11529281
801980,2025-09-02,4999.67,5066.48,5066.48,4963.25,3.03814774,67.03749292
801980,2025-09-03,4887.44,5000.03,5020.07,4878.21,2.58106152,60.52632493
801980,2025-09-04,4945.67,4881.87,4961.38,4871.73,3.49848283,72.12089624
801980,2025-09-05,5012.27,4937.72,5012.27,4876.76,2.74751035,62.69890231
801980,2025-09-08,5114.05,5001.22,5173.19,5001.22,3.08680389,82.11237322
801980,2025-09-09,5061.58,5102.1,5103.72,5018.97,2.92291016,58.88900148
801980,2025-09-10,5043.74,5063.55,5065.31,5027.2,3.44649527,55.20111746
801980,2025-09-11,5101.29,5035.64,5101.29,4976.9,2.96874367,58.17629107
801980,2025-09-12,5023.63,5086.41,5086.41,5023.63,2.69800962,55.57108568
801980,2025-09-15,5014.29,5013.62,5028.34,4989.96,2.17533262,47.57400517
801980,2025-09-16,5014.74,5012.68,5023.0,4963.86,2.37780743,48.03062746
801980,2025-09-17,4994.68,5011.63,5024.26,4987.3,2.21679945,46.13788262
801980,2025-09-18,4883.47,4987.41,4987.41,4843.66,2.76113098,60.23876996
801980,2025-09-19,4895.96,4878.57,4898.24,4861.67,1.92594159,41.71418154
801980,2025-09-22,4829.14,4892.53,4892.53,4808.42,1.88417228,36.33228445
801980,2025-09-23,4749.59,4817.99,4817.99,4692.53,2.15136971,44.38833255
801980,2025-09-24,4798.1,4743.32,4798.1,4743.32,1.56730677,34.10796616
801980,2025-09-25,4780.29,4792.33,4802.41,4757.47,1.6252609,33.43646307
801980,2025-09-26,4785.58,4769.93,4814.62,4757.17,1.90089597,36.00687505
801980,2025-09-29,4782.99,4779.85,4787.49,4709.86,1.81085244,36.06283489
801980,2025-09-30,4799.7,4784.85,4810.62,4777.1,1.48034083,30.69926287
801980,2025-10-09,4797.44,4797.85,4797.85,4761.73,1.89869124,40.64423878
801980,2025-10-10,4846.14,4798.02,4866.71,4789.96,2.29491842,52.04685362
801980,2025-10-13,4769.56,4713.56,4793.36,4713.56,2.28994108,47.70562755
801980,2025-10-14,4773.32,4780.73,4798.95,4764.87,2.37171163,43.76317871
801980,2025-10-15,4857.17,4775.12,4871.84,4771.22,2.84727313,59.82829808
801980,2025-10-16,4825.88,4853.68,4926.18,4823.88,2.33920851,53.23534767
801980,2025-10-17,4723.6,4827.96,4830.34,4723.6,2.0127702,42.31919138
801980,2025-10-20,4705.81,4742.76,4742.76,4688.22,1.62396788,34.40435646
801980,2025-10-21,4720.38,4707.49,4720.51,4680.2,2.19181321,37.42405397
801980,2025-10-22,4696.81,4711.51,4740.56,4691.06,2.48801356,38.4154137
801980,2025-10-23,4705.83,4686.09,4706.97,4656.66,1.9497072,34.10731379
801980,2025-10-24,4719.58,4706.54,4753.72,4706.54,2.68980255,43.82489055
801980,2025-10-27,4741.5,4732.06,4766.85,4722.24,3.01039656,51.29717906
801980,2025-10-28,4670.09,4748.44,4748.44,4663.68,3.33804323,59.85177635
801980,2025-10-29,4665.15,4654.76,4665.3,4597.78,2.88400886,53.7146054
801980,2025-10-30,4603.89,4655.02,4659.99,4599.69,2.97724818,51.86474905
801980,2025-10-31,4615.16,4570.69,4630.09,4570.69,2.43170023,47.95080548
801980,2025-11-03,4599.15,4619.37,4619.37,4561.96,3.00181015,47.47097654
801980,2025-11-04,4519.26,4588.35,4588.35,4505.82,2.42179275,42.99221618
801980,2025-11-05,4504.21,4491.34,4513.78,4487.24,1.89685739,36.17197588
801980,2025-11-06,4484.11,4507.94,4507.94,4468.47,1.97829495,39.4406494
801980,2025-11-07,4472.18,4476.03,4506.43,4471.47,1.94287762,36.89888909
801980,2025-11-10,4633.26,4471.94,4651.93,4470.69,2.85051509,70.29081952
801980,2025-11-11,4659.76,4630.9,4671.0,4591.7,2.70057185,54.91218137
801980,2025-11-12,4666.41,4655.38,4690.81,4655.38,2.87165236,51.09097759
801980,2025-11-13,4686.43,4668.28,4687.42,4634.91,2.34581194,43.28195839
801980,2025-11-14,4639.8,4672.28,4734.26,4639.8,2.61201847,43.27126713
801980,2025-11-17,4606.19,4644.88,4644.88,4589.71,2.24190738,40.25133817
801980,2025-11-18,4603.16,4605.27,4634.85,4583.62,2.90327373,48.597931
801980,2025-11-19,4653.28,4602.0,4678.49,4602.0,4.25296054,72.34091564
801980,2025-11-20,4541.85,4640.99,4640.99,4534.12,3.25595742,58.27487029
801980,2025-11-21,4429.45,4523.1,4549.65,4423.48,3.03504266,53.1725545
801980,2025-11-24,4429.02,4428.87,4449.65,4407.89,2.33043917,40.02447965
801980,2025-11-25,4449.65,4438.6,4469.25,4415.76,2.0327569,39.25373872
801980,2025-11-26,4416.18,4441.91,4470.58,4410.99,2.00152868,37.94327862
801980,2025-11-27,4448.41,4419.59,4483.08,4419.59,2.2330814,43.41058025
801980,2025-11-28,4451.46,4446.39,4451.46,4389.29,1.89882986,37.45520634
801980,2025-12-01,4470.07,4445.11,4471.91,4445.11,1.74244248,33.07037707
801980,2025-12-02,4440.39,4462.67,4462.67,4429.91,1.55425593,27.91814602
801980,2025-12-03,4408.98,4444.38,4444.38,4397.64,1.69466178,29.33779064
801980,2025-12-04,4325.56,4407.26,4407.26,4309.23,1.85779626,35.01745389
801980,2025-12-05,4362.21,4325.67,4362.67,4278.97,1.50426225,28.17304403
801980,2025-12-08,4366.69,4365.34,4379.41,4362.09,1.62584159,29.17752568
801980,2025-12-09,4341.1,4367.02,4390.88,4339.14,1.87984424,32.20526245
801980,2025-12-10,4346.88,4337.0,4363.82,4310.68,1.72810839,29.81939414
801980,2025-12-11,4300.13,4345.44,4345.44,4298.43,1.8922884,35.76955053
801980,2025-12-12,4290.8,4304.41,4317.48,4268.88,1.90719887,40.02139773
801980,2025-12-15,4283.27,4285.1,4314.07,4273.2,1.83963407,37.14177012
801980,2025-12-16,4311.73,4280.07,4352.55,4280.07,2.15727776,43.15143781
801980,2025-12-17,4347.58,4296.53,4363.82,4266.65,2.08038632,42.74859273
801980,2025-12-18,4333.14,4331.18,4368.41,4331.18,1.75963962,33.08466185
801980,2025-12-19,4413.8,4339.29,4420.26,4325.4,2.10360237,40.73230337
801980,2025-12-22,4393.76,4406.69,4406.69,4378.25,1.89033802,34.65624736
801980,2025-12-23,4321.08,4396.03,4396.03,4313.93,1.95860371,33.10360967
801980,2025-12-24,4354.45,4315.34,4354.45,4307.72,1.74683452,29.15341047
801980,2025-12-25,4372.71,4356.01,4382.64,4339.96,1.94590732,28.86730485
801980,2025-12-26,4366.13,4366.21,4390.56,4350.25,1.66395424,28.96986022
801980,2025-12-29,4331.85,4358.98,4369.7,4331.82,1.78545117,31.45346413
801980,2025-12-30,4339.13,4337.04,4371.85,4333.35,2.20121458,35.64758929
801980,2025-12-31,4375.58,4350.34,4397.1,4336.35,2.996819,44.98612189
801980,2026-01-05,4441.99,4393.26,4445.38,4373.14,2.74182437,51.02372792
801980,2026-01-06,4450.94,4443.14,4469.96,4425.35,2.44060662,46.45023353
801980,2026-01-07,4405.3,4445.88,4445.88,4400.96,2.06898258,37.7152462
801980,2026-01-08,4425.52,4397.88,4439.74,4394.59,1.83688822,37.84079053
801980,2026-01-09,4487.22,4449.47,4499.8,4443.2,2.13108812,46.35284575
801980,2026-01-12,4549.21,4490.41,4549.21,4488.31,3.01516749,58.46726468
801980,2026-01-13,4544.18,4555.05,4588.27,4512.95,3.00739658,63.87066159
801980,2026-01-14,4562.57,4538.9,4612.55,4515.5,3.5507865,68.82665698
801980,2026-01-15,4526.33,4549.39,4580.85,4515.98,2.89383071,54.03260583
801980,2026-01-16,4477.65,4536.31,4536.31,4463.83,2.56897057,49.45060999
801980,2026-01-19,4515.2,4485.46,4533.39,4471.36,3.0845955,56.24113423
801980,2026-01-20,4548.96,4523.05,4587.77,4518.18,3.51227099,64.17507139
801980,2026-01-21,4565.97,4531.03,4572.32,4506.59,3.03314554,58.34027249
801980,2026-01-22,4531.43,4564.13,4564.13,4524.07,2.47147808,46.25719324
801980,2026-01-23,4566.33,4527.55,4567.08,4527.55,2.91792197,55.3054817
801980,2026-01-26,4526.7,4564.59,4568.63,4504.57,2.91595102,57.68956252
801980,2026-01-27,4471.46,4518.64,4518.73,4418.5,2.70523667,50.12083809
801980,2026-01-28,4397.56,4461.91,4476.23,4392.29,2.61989113,47.13911923
801980,2026-01-29,4464.69,4377.72,4465.56,4348.94,3.19791285,60.888114
801980,2026-01-30,4394.75,4444.29,4451.21,4373.86,3.65931928,58.89015251
801980,2026-02-02,4363.8,4405.09,4466.67,4363.8,3.18414848,60.32234762
801980,2026-02-03,4452.94,4388.99,4452.94,4386.64,2.68298812,54.87691226
801980,2026-02-04,4468.59,4440.77,4470.1,4431.65,2.32282314,42.6096736
801980,2026-02-05,4612.09,4478.95,4680.24,4478.95,3.65038463,97.08594721
801980,2026-02-06,4556.92,4561.15,4599.98,4538.85,2.83932612,64.19432419
801980,2026-02-09,4609.62,4580.89,4609.62,4550.28,2.40790418,51.94230221
801980,2026-02-10,4570.91,4599.13,4599.13,4563.33,2.06515723,42.91573991
801980,2026-02-11,4576.24,4560.27,4598.84,4556.26,2.62713287,49.00154746
801980,2026-02-12,4495.26,4565.53,4565.53,4495.26,2.64060781,47.50291234
801980,2026-02-13,4450.89,4497.99,4507.97,4450.89,2.31799603,39.05162101
801980,2026-02-24,4456.4,4471.55,4487.0,4446.36,2.21839006,40.51979121
801980,2026-02-25,4526.59,4471.67,4532.71,4471.67,2.80434497,48.18213349
801980,2026-02-26,4488.66,4530.57,4530.57,4479.73,2.46785447,47.69915011
801980,2026-02-27,4515.57,4486.81,4515.62,4486.55,2.23595024,39.56006764
801980,2026-03-02,4405.23,4452.82,4461.06,4376.02,3.00731675,55.17315254
801980,2026-03-03,4342.36,4423.18,4456.08,4331.93,2.94199143,56.87638519
801980,2026-03-04,4304.3,4309.15,4348.45,4283.38,2.14224309,40.27381319
801980,2026-03-05,4305.73,4359.06,4361.7,4294.34,2.08982415,41.55520651
801980,2026-03-06,4378.21,4297.23,4378.21,4297.23,1.87614805,40.03761094
801980,2026-03-09,4283.2,4324.99,4324.99,4239.96,2.27294291,44.13427648
801980,2026-03-10,4365.72,4321.04,4366.26,4321.04,1.83869732,36.75265345
801980,2026-03-11,4371.69,4363.85,4390.1,4348.95,1.74458489,38.16618061
801980,2026-03-12,4315.97,4366.28,4366.28,4311.02,1.72892479,32.51383028
801980,2026-03-13,4324.95,4310.03,4361.85,4307.91,1.79963128,34.78723017
801980,2026-03-16,4358.96,4323.88,4359.21,4320.82,2.06886233,34.0455717
801980,2026-03-17,4323.46,4362.58,4395.78,4323.46,1.87659576,33.45961228
801980,2026-03-18,4323.27,4324.28,4327.94,4280.76,1.66620488,31.00160728
801980,2026-03-19,4240.43,4289.81,4298.4,4231.73,1.70279754,30.06996052
801980,2026-03-20,4118.05,4244.36,4262.26,4118.05,1.78095146,38.07891047
801980,2026-03-23,3870.08,4056.14,4056.14,3857.03,2.49790248,43.05612574
801980,2026-03-24,3971.04,3939.66,3971.93,3869.8,1.80032259,29.91462475
801980,2026-03-25,4021.69,3985.04,4028.41,3985.04,1.48226291,29.25681085
801980,2026-03-26,3945.58,4017.59,4038.97,3938.39,1.87673946,34.56711584
801980,2026-03-27,4018.8,3913.75,4026.56,3913.75,2.02999593,34.35432489
801980,2026-03-30,4023.29,3982.41,4029.65,3970.68,1.45644172,25.59734717
801980,2026-03-31,3984.79,4025.44,4062.36,3983.49,1.49751665,25.30769461
801980,2026-04-01,4084.66,4049.3,4085.29,4034.29,1.80363514,35.13110724
801980,2026-04-02,4032.13,4089.68,4089.68,4021.15,2.89628547,44.189479
801980,2026-04-03,3948.66,4038.22,4038.22,3945.06,2.21405467,35.39287332
801980,2026-04-07,3966.97,3954.9,3981.2,3943.33,2.14427325,32.06653481
801980,2026-04-08,4076.86,4022.74,4076.86,4022.74,2.24989067,39.0730139
801980,2026-04-09,3962.27,4052.62,4062.68,3957.05,2.08787127,36.77660713
801980,2026-04-10,3986.57,3973.16,4020.01,3965.13,1.97186015,35.32685884
801980,2026-04-13,3950.69,3969.98,3969.98,3937.47,1.74293599,29.49635505
801980,2026-04-14,3966.66,3967.29,3969.47,3919.99,1.76747304,31.54855211
801980,2026-04-15,3975.8,3980.47,4015.6,3968.82,1.86482625,35.11652473
801980,2026-04-16,4006.84,3977.33,4009.37,3956.87,1.90135424,30.73521387
801980,2026-04-17,3984.08,3999.93,4000.13,3961.31,2.05716209,34.92247999
801980,2026-04-20,4027.01,3985.04,4032.65,3980.41,1.91840051,34.86521101
801980,2026-04-21,4025.59,4028.29,4058.29,4003.75,1.93280085,35.15311265
801980,2026-04-22,4015.11,4002.68,4016.28,3982.14,1.94954072,35.84355165
801980,2026-04-23,4019.2,4015.29,4038.61,3995.51,2.10600622,44.64465611
801980,2026-04-24,4040.43,4013.95,4060.41,3992.9,2.41026556,49.74579802
801980,2026-04-27,4111.1,4053.44,4114.48,4053.44,2.66470241,54.29209203
801980,2026-04-28,4066.64,4119.01,4127.55,4057.32,2.59994779,46.82008632
801980,2026-04-29,4092.27,4052.39,4121.89,4052.39,2.09554336,39.76260775
801980,2026-04-30,4050.16,4071.3,4087.64,4042.97,1.91182918,35.56912983
801980,2026-05-06,4077.01,4046.75,4089.06,4046.75,2.40751789,45.07808198
801980,2026-05-07,4088.76,4080.91,4105.49,4079.43,2.0842786,39.42186145
801980,2026-05-08,4123.83,4080.81,4127.31,4080.81,2.55140191,42.34107857
801980,2026-05-11,4099.92,4120.39,4120.39,4050.8,2.76408195,49.49050296
801980,2026-05-12,4014.5,4093.5,4093.5,4012.76,2.43294959,45.30383507
801980,2026-05-13,4026.98,4025.53,4048.82,4016.61,2.00945059,43.59118447
801980,2026-05-14,3943.87,4018.32,4018.32,3937.75,2.00077347,39.01226591
801980,2026-05-15,3891.81,3935.34,3941.3,3871.73,2.05141165,36.52590581
801980,2026-05-18,3830.92,3886.95,3886.95,3808.66,1.85193629,33.63309379
801980,2026-05-19,3805.75,3807.65,3838.05,3779.42,1.48778371,27.15525098
801980,2026-05-20,3780.4,3781.92,3783.34,3729.62,2.06342524,34.73358759
801980,2026-05-21,3708.52,3787.04,3819.68,3708.52,2.10456354,36.72796575
801980,2026-05-22,3727.26,3740.3,3745.98,3709.35,1.62229131,31.43313317
801980,2026-05-25,3709.6,3728.61,3728.66,3695.65,1.85229329,32.42226723
801980,2026-05-26,3680.51,3702.24,3719.08,3636.41,1.81200526,29.71789745
801980,2026-05-27,3660.96,3678.7,3697.04,3610.52,1.94195236,33.47263209
801980,2026-05-28,3607.36,3645.26,3650.32,3566.64,1.64622963,29.03000266
801980,2026-05-29,3691.4,3600.61,3720.92,3599.7,1.98623639,41.31057623
801980,2026-06-01,3789.72,3664.61,3792.04,3663.4,2.02640166,44.11174633
801980,2026-06-02,3684.24,3767.06,3773.53,3678.42,1.91492428,34.8168669
801980,2026-06-03,3626.88,3682.21,3682.21,3610.91,1.77604755,31.67764075
801980,2026-06-04,3564.16,3616.23,3636.53,3546.85,1.79904482,34.57621052
801980,2026-06-05,3572.4,3587.17,3628.69,3558.51,1.78185496,32.8259312
801980,2026-06-08,3479.28,3543.51,3574.57,3440.09,1.97176431,34.00499515
801980,2026-06-09,3457.38,3484.18,3488.81,3434.56,1.49487726,26.79029567
801980,2026-06-10,3467.48,3443.91,3469.61,3405.17,1.52530493,26.2645133
801980,2026-06-11,3433.31,3451.19,3458.76,3401.46,1.40638832,24.71501978
801980,2026-06-12,3542.11,3435.72,3556.49,3433.47,1.9218936,36.8871861
801980,2026-06-15,3548.03,3540.85,3571.44,3518.73,1.79152692,32.16649874
801980,2026-06-16,3519.42,3534.17,3534.17,3480.79,1.67344154,27.5377095
801980,2026-06-17,3463.45,3511.71,3511.71,3448.15,1.55239495,24.42812813
801980,2026-06-18,3436.02,3458.43,3472.45,3421.33,1.65964805,28.43129577
801980,2026-06-22,3390.29,3411.9,3411.9,3296.47,2.00984374,35.12762829
801980,2026-06-23,3398.59,3365.66,3469.99,3365.66,1.80485154,32.60588566
801980,2026-06-24,3304.23,3391.11,3391.11,3301.62,1.79645845,30.60021507
801980,2026-06-25,3266.28,3298.66,3298.66,3204.85,1.90754838,32.88900847
801980,2026-06-26,3192.84,3250.41,3254.96,3188.02,1.76836309,28.25652389
801980,2026-06-29,3284.09,3191.68,3299.98,3123.07,2.13922575,38.03925574
801980,2026-06-30,3287.71,3261.23,3294.88,3222.73,1.82709965,31.65795701
801980,2026-07-01,3364.08,3280.22,3387.73,3260.99,2.02969443,36.03519688
801980,2026-07-02,3390.11,3363.18,3419.57,3363.18,2.14263879,37.43175151
801980,2026-07-03,3436.91,3395.26,3445.06,3393.82,2.02169159,37.61052777
801980,2026-07-06,3412.14,3431.32,3449.54,3397.85,1.83461559,34.47608996
801980,2026-07-07,3327.9,3403.81,3403.81,3327.66,1.74324972,30.6149829
801980,2026-07-08,3326.06,3331.16,3379.09,3305.68,1.64844713,29.19761816
801980,2026-07-09,3286.99,3306.88,3340.79,3254.07,1.66994319,28.29442891
801980,2026-07-10,3336.34,3278.41,3375.59,3278.41,1.81438005,32.08621421
801980,2026-07-13,3249.36,3321.21,3334.25,3242.17,1.66322006,28.35147545
801980,2026-07-14,3290.79,3250.29,3291.24,3239.5,1.81577697,29.70504093
801980,2026-07-15,3424.95,3275.23,3434.74,3275.23,2.54759552,48.66531266
801980,2026-07-16,3467.23,3407.7,3481.69,3394.81,2.38948165,47.30825678
801980,2026-07-17,3364.96,3454.49,3503.11,3314.9,2.76128782,53.38993198
801980,2026-07-20,3388.28,3358.61,3408.25,3317.99,2.65622261,47.72739206
801980,2026-07-21,3372.37,3370.33,3417.75,3342.03,2.85776719,50.82367028
801980,2026-07-22,3432.6,3339.92,3433.37,3319.59,2.19770423,46.01567278
801980,2026-07-23,3426.81,3397.91,3426.81,3372.62,2.0880666,39.81219717
801980,2026-07-24,3295.73,3390.92,3390.92,3295.73,1.94481742,35.7668716
801980,2026-07-27,3442.57,3285.42,3442.57,3285.42,2.36553345,45.38031958
801980,2026-07-28,3461.74,3418.57,3473.12,3405.11,2.09079232,43.23215886
801980,2026-07-29,3508.05,3458.81,3523.67,3458.81,2.34675217,44.86891776
801980,2026-07-30,3547.08,3524.35,3643.7,3524.35,2.93378382,58.80124105
801980,2026-07-31,3575.32,3473.6,3590.73,3473.6,2.48903984,50.55134268
801980,2026-08-03,3564.09,3572.05,3584.44,3547.74,2.07877046,37.43947766
801980,2026-08-04,3535.46,3565.87,3573.82,3525.02,2.07787251,39.29615307
801980,2026-08-05,3538.4,3538.08,3556.21,3506.81,1.9693788,37.04735524
801980,2026-08-06,3503.39,3544.28,3544.31,3467.6,1.97446327,37.0122034
801980,2026-08-07,3528.47,3497.9,3528.83,3448.15,1.93903032,37.49396376
801980,2026-08-10,3591.79,3525.79,3602.66,3522.16,2.28049741,42.87242887
801980,2026-08-11,3559.63,3585.27,3609.45,3550.24,1.89602136,36.85913252
801980,2026-08-12,3563.49,3552.01,3593.76,3550.88,1.69801746,33.78486446
801980,2026-08-13,3533.25,3563.84,3588.23,3531.76,2.04672056,37.88898145
801980,2026-08-14,3467.69,3528.94,3529.92,3457.91,1.91055933,36.43656669
801980,2026-08-17,3474.04,3469.29,3475.31,3413.28,1.80454277,33.37311567
801980,2026-08-18,3445.59,3466.94,3466.94,3423.36,1.53929972,28.13177038
801980,2026-08-19,3347.69,3435.34,3435.34,3345.16,1.69340605,29.7221372
801980,2026-08-20,3446.76,3390.05,3476.05,3390.05,2.31820993,44.58129105
801980,2026-08-21,3385.08,3444.6,3444.6,3370.05,1.87764696,33.21088961
801980,2026-08-24,3339.78,3386.36,3407.06,3324.49,1.83957279,31.06147358
801980,2026-08-25,3461.95,3354.36,3462.27,3354.36,2.40202673,44.83976583
801980,2026-08-26,3489.55,3451.67,3527.55,3451.67,2.80056498,43.42956014
801980,2026-08-27,3479.3,3480.72,3491.85,3453.1,3.04021525,37.85442704
801980,2026-08-28,3484.63,3479.01,3495.59,3466.2,2.66993573,32.32728363
801980,2026-08-31,3459.64,3475.49,3475.49,3429.83,2.60284634,36.11933122
801980,2026-09-01,3514.36,3455.83,3520.85,3455.34,2.44855587,36.88821536
801980,2026-09-02,3506.5,3495.19,3524.3,3471.48,2.16920297,34.72125885
801980,2026-09-03,3476.59,3503.15,3528.4,3473.9,2.01237356,32.10925488
801980,2026-09-04,3525.75,3486.59,3553.44,3485.97,2.51124906,39.17279257
801980,2026-09-07,3532.74,3526.34,3542.16,3508.37,2.15131461,32.1970021
801980,2026-09-08,3555.63,3528.02,3559.8,3517.42,2.20721324,32.15263852
801980,2026-09-09,3505.83,3548.18,3549.7,3486.05,2.62481126,38.03644488
801980,2026-09-10,3438.33,3495.77,3495.77,3438.33,2.26303613,31.75940109
801980,2026-09-11,3363.38,3432.31,3432.31,3342.35,2.37364698,35.19573099
801980,2026-09-14,3371.25,3353.43,3383.78,3352.95,1.72341433,27.73776112
801980,2026-09-15,3319.55,3376.3,3376.3,3317.68,2.20066313,34.21884475
801980,2026-09-16,3353.9,3320.25,3355.38,3301.93,1.98296417,32.09254452
801980,2026-09-17,3361.83,3345.59,3364.33,3341.53,1.68768035,28.65873381
801980,2026-09-18,3416.96,3377.01,3444.97,3377.01,2.34219374,42.696574
801980,2026-09-21,3518.84,3416.52,3519.25,3416.52,2.99547344,51.45769374
801980,2026-09-22,3516.16,3518.21,3539.64,3508.81,2.35906117,42.48421982
801980,2026-09-23,3486.55,3517.09,3529.43,3486.55,2.22860188,42.16351697
801980,2026-09-24,3476.63,3481.2,3526.17,3473.5,2.05949976,41.44142945
801980,2026-09-28,3428.33,3483.87,3483.87,3423.82,2.10649437,38.9146428
801980,2026-09-29,3429.07,3424.61,3464.05,3419.86,1.90811209,36.36529058
801980,2026-09-30,3487.3,3440.88,3496.71,3440.88,2.12368979,43.5880892
