date,tsf_flow
2015-01-31,20516
2015-02-28,13609
2015-03-31,12433
2015-04-30,10582
2015-05-31,12397
2015-06-30,18384
2015-07-31,7511
2015-08-31,11097
2015-09-30,13571
2015-10-31,5593
2015-11-30,10255
2015-12-31,18114
2016-01-31,34758
2016-02-29,8312
2016-03-31,23931
2016-04-30,7809
2016-05-31,6770
2016-06-30,16479
2016-07-31,4791
2016-08-31,14605
2016-09-30,17115
2016-10-31,8865
2016-11-30,18328
2016-12-31,16397
2017-01-31,36970
2017-02-28,10908
2017-03-31,21186
2017-04-30,13880
2017-05-31,10631
2017-06-30,17718
2017-07-31,11956
2017-08-31,14895
2017-09-30,18335
2017-10-31,10357
2017-11-30,16128
2017-12-31,11481
2018-01-31,30793
2018-02-28,11894
2018-03-31,15848
2018-04-30,17761
2018-05-31,9518
2018-06-30,14877
2018-07-31,12254
2018-08-31,19391
2018-09-30,21691
2018-10-31,7420
2018-11-30,15239
2018-12-31,15898
2019-01-31,46791
2019-02-28,9665
2019-03-31,29602
2019-04-30,16710
2019-05-31,17124
2019-06-30,26243
2019-07-31,12872
2019-08-31,21956
2019-09-30,25142
2019-10-31,8680
2019-11-30,19937
2019-12-31,22013
2020-01-31,50535
2020-02-29,8737
2020-03-31,51838
2020-04-30,31027
2020-05-31,31866
2020-06-30,34681
2020-07-31,16928
2020-08-31,35853
2020-09-30,34693
2020-10-31,13929
2020-11-30,21355
2020-12-31,17192
2021-01-31,51884
2021-02-28,17243
2021-03-31,33762
2021-04-30,18570
2021-05-31,19522
2021-06-30,37017
2021-07-31,10752
2021-08-31,29893
2021-09-30,29026
2021-10-31,16176
2021-11-30,25983
2021-12-31,23682
2022-01-31,61759
2022-02-28,12170
2022-03-31,46565
2022-04-30,9327
2022-05-31,28415
2022-06-30,51926
2022-07-31,7785
2022-08-31,24712
2022-09-30,35411
2022-10-31,9134
2022-11-30,19837
2022-12-31,13058
2023-01-31,59956
2023-02-28,31610
2023-03-31,53867
2023-04-30,12249
2023-05-31,15560
2023-06-30,42265
2023-07-31,5366
2023-08-31,31279
2023-09-30,41326
2023-10-31,18441
2023-11-30,24554
2023-12-31,19401
2024-01-31,64734
2024-02-29,14959
2024-03-31,48335
2024-04-30,-658
2024-05-31,20623
2024-06-30,32985
2024-07-31,7707
2024-08-31,30323
2024-09-30,37635
2024-10-31,14120
2024-11-30,23288
2024-12-31,28507
2025-01-31,70546
2025-02-28,22331
2025-03-31,58961
2025-04-30,11599
2025-05-31,22900
2025-06-30,42251
2025-07-31,11307
2025-08-31,25660
2025-09-30,35299
2025-10-31,8178
2025-11-30,24926
2025-12-31,22075
2026-01-31,72185
2026-02-28,23837
2026-03-31,52240
2026-04-30,6245
