date,margin
2010-03-31,6495609.0
2010-04-30,381443354.0
2010-05-31,1026415657.0
2010-06-30,1483660376.0
2010-07-31,2506787080.0
2010-08-31,3759342631.0
2010-09-30,4685923280.0
2010-10-31,6951066505.0
2010-11-30,9381653979.0
2010-12-31,12760582781.0
2011-01-31,14382671253.0
2011-02-28,16523593407.0
2011-03-31,20782548700.0
2011-04-30,23960666242.0
2011-05-31,25583600763.0
2011-06-30,27132908661.0
2011-07-31,31906160171.0
2011-08-31,34045014173.0
2011-09-30,33386311654.0
2011-10-31,33066761084.0
2011-11-30,37179826691.0
2011-12-31,37547763869.0
2012-01-31,34981330416.0
2012-02-29,39759473044.0
2012-03-31,45893676952.0
2012-04-30,47395498715.0
2012-05-31,55770593615.0
2012-06-30,59838187129.0
2012-07-31,62772338672.0
2012-08-31,66209188228.0
2012-09-30,68538290872.0
2012-10-31,75271912639.0
2012-11-30,74745430443.0
2012-12-31,85694391725.0
2013-01-31,113873732699.0
2013-02-28,136223152868.0
2013-03-31,160828647813.0
2013-04-30,174296767616.0
2013-05-31,217629088929.0
2013-06-30,218521650365.0
2013-07-31,228413775374.0
2013-08-31,248480052999.0
2013-09-30,282713174210.0
2013-10-31,310963082249.0
2013-11-30,323461692146.0
2013-12-31,343470148942.0
2014-01-31,347183997942.0
2014-02-28,383686330345.0
2014-03-31,392625476065.0
2014-04-30,393787481347.0
2014-05-31,391452445083.0
2014-06-30,403410904442.0
2014-07-31,440026555887.0
2014-08-31,520094215479.0
2014-09-30,607410666700.0
2014-10-31,697590568747.0
2014-11-30,818926666261.0
2014-12-31,1017372873368.0
2015-01-31,1125933019889.0
2015-02-28,1152376881592.0
2015-03-31,1485880151784.0
2015-04-30,1831016561927.0
2015-05-31,2071958219694.0
2015-06-30,2044666506140.0
2015-07-31,1335416630899.0
2015-08-31,1055960525892.0
2015-09-30,904050976067.0
2015-10-31,1030206852967.0
2015-11-30,1193256611460.0
2015-12-31,1171307207674.0
2016-01-31,907107782480.0
2016-02-29,850872121670.0
2016-03-31,878625903323.0
2016-04-30,857036701582.0
2016-05-31,826982165730.0
2016-06-30,850893091485.0
2016-07-31,863729060093.0
2016-08-31,899715256856.0
2016-09-30,868665604391.0
2016-10-31,907700177775.0
2016-11-30,972185621453.0
2016-12-31,935769676921.0
2017-01-31,865010437753.0
2017-02-28,906345261286.0
2017-03-31,918024668375.0
2017-04-30,904679025964.0
2017-05-31,864815002865.0
2017-06-30,875606340707.0
2017-07-31,896223311481.0
2017-08-31,941682282587.0
2017-09-30,965701460511.0
2017-10-31,994710410681.0
2017-11-30,1023885170071.0
2017-12-31,1021757693531.0
2018-01-31,1074273557410.0
2018-02-28,990296561911.0
2018-03-31,995763369815.0
2018-04-30,978902710919.0
2018-05-31,983045521185.0
2018-06-30,912908972436.0
2018-07-31,884363774557.0
2018-08-31,850279823075.0
2018-09-30,815142886785.0
2018-10-31,762114076230.0
2018-11-30,762105530466.0
2018-12-31,748980879084.0
2019-01-31,721950469329.0
2019-02-28,796502575653.0
2019-03-31,913237386617.0
2019-04-30,952497290000.0
2019-05-31,914812393893.0
2019-06-30,901962675393.0
2019-07-31,897483914167.0
2019-08-31,913478244818.0
2019-09-30,937278679141.0
2019-10-31,953248068256.0
2019-11-30,951997894299.0
2019-12-31,1005504471274.0
2020-01-31,1026936707884.0
2020-02-29,1087902678536.0
2020-03-31,1047444346031.0
2020-04-30,1021627792735.0
2020-05-31,1051912869004.0
2020-06-30,1131374169320.0
2020-07-31,1372011073247.0
2020-08-31,1425630910514.0
2020-09-30,1388746658898.0
2020-10-31,1414876278886.0
2020-11-30,1457182537819.0
2020-12-31,1482024045361.0
2021-01-31,1540240567873.0
2021-02-28,1530380001684.0
2021-03-31,1509721561130.0
2021-04-30,1502555175615.0
2021-05-31,1569588081989.0
2021-06-30,1628155901214.0
2021-07-31,1647538378001.0
2021-08-31,1706676485741.0
2021-09-30,1685341197970.0
2021-10-31,1696819179029.0
2021-11-30,1723953293728.0
2021-12-31,1712050979156.0
2022-01-31,1620284746319.0
2022-02-28,1631115584992.0
2022-03-31,1580691357675.0
2022-04-30,1433766873956.0
2022-05-31,1444564453720.0
2022-06-30,1509769354702.0
2022-07-31,1527734161860.0
2022-08-31,1510646316582.0
2022-09-30,1443562961433.0
2022-10-31,1442817041461.0
2022-11-30,1464357168827.0
2022-12-31,1444510657578.0
2023-01-31,1445064425461.0
2023-02-28,1488008992796.0
2023-03-31,1512872458796.0
2023-04-30,1513756030986.0
2023-05-31,1518686855870.0
2023-06-30,1495290061307.0
2023-07-31,1486071136146.0
2023-08-31,1477113583904.0
2023-09-30,1509432280146.0
2023-10-31,1549144933520.0
2023-11-30,1591584265718.0
2023-12-31,1578154322438.0
2024-01-31,1499423529046.0
2024-02-29,1439737075911.0
2024-03-31,1495269424661.0
2024-04-30,1472855448265.0
2024-05-31,1487188566475.0
2024-06-30,1459435415969.0
2024-07-31,1412670600975.0
2024-08-31,1380425674291.0
2024-09-30,1429501818504.0
2024-10-31,1640109018031.0
2024-11-30,
2024-12-31,
2025-01-31,
2025-02-28,
2025-03-31,
2025-04-30,
2025-05-31,
2025-06-30,1832335393975.0
2025-07-31,1964698211351.0
2025-08-31,2238100514487.0
2025-09-30,2370972118303.0
2025-10-31,2460989122997.0
2025-11-30,2448973139044.0
2025-12-31,2516188348107.0
2026-01-31,2689875945094.0
2026-02-28,2643255222910.0
2026-03-31,2582338030855.0
2026-04-30,2687150297414.0
2026-05-31,2882153674224.0
2026-06-30,2987788011904.0
2026-07-31,2580969087282.0
2026-08-31,2627119731066.0
2026-09-30,2548509467804.0
