date,pe,pb_w,pb_equal,pb_med
1997-12,42.66,,,
1998-01,42.54,,,
1998-02,41.31,,,
1998-03,41.82,,,
1998-04,39.5,,,
1998-05,41.05,,,
1998-06,38.27,,,
1998-07,37.47,,,
1998-08,32.41,,,
1998-09,34.96,,,
1998-10,34.52,,,
1998-11,35.12,,,
1998-12,32.31,,,
1999-01,31.95,,,
1999-02,30.14,,,
1999-03,30.46,,,
1999-04,31.85,,,
1999-05,35.15,,,
1999-06,48.12,,,
1999-07,44.98,,,
1999-08,44.69,,,
1999-09,43.87,,,
1999-10,41.8,,,
1999-11,40.16,,,
1999-12,37.56,,,
2000-01,43.48,,,
2000-02,47.6,,,
2000-03,50.09,,,
2000-04,51.76,,,
2000-05,53.42,,,
2000-06,55.63,,,
2000-07,57.89,,,
2000-08,56.99,,,
2000-09,54.56,,,
2000-10,55.92,,,
2000-11,59.08,,,
2000-12,58.75,,,
2001-01,57.21,,,
2001-02,51.11,,,
2001-03,53.72,,,
2001-04,54.03,,,
2001-05,55.64,,,
2001-06,55.84,,,
2001-07,48.37,,,
2001-08,46.73,,,
2001-09,43.98,,,
2001-10,41.58,,,
2001-11,43.27,,,
2001-12,40.76,,,
2002-01,36.43,,,
2002-02,37.47,,,
2002-03,40.45,,,
2002-04,47.02,,,
2002-05,43.26,,,
2002-06,49.07,,,
2002-07,47.2,,,
2002-08,47.78,,,
2002-09,45.22,,,
2002-10,42.84,,,
2002-11,40.11,,,
2002-12,38.22,,,
2003-01,41.12,,,
2003-02,41.9,,,
2003-03,40.44,,,
2003-04,41.5,,,
2003-05,43.65,,,
2003-06,40.26,,,
2003-07,39.53,,,
2003-08,38.57,,,
2003-09,36.74,,,
2003-10,35.69,,,
2003-11,36.55,,,
2003-12,37.43,,,
2004-01,38.54,,,
2004-02,40.35,,,
2004-03,37.74,,,
2004-04,32.32,,,
2004-05,31.72,,,
2004-06,28.3,,,
2004-07,28.38,,,
2004-08,26.95,,,
2004-09,28.74,,,
2004-10,27.18,,,
2004-11,27.68,,,
2004-12,24.63,,,
2005-01,23.04,1.96,2.41,1.91
2005-02,24.06,2.14,2.63,2.11
2005-03,18.79,1.91,2.27,1.8
2005-04,17.3,1.87,2.15,1.65
2005-05,15.99,1.69,2.09,1.62
2005-06,16.01,1.75,2.1,1.62
2005-07,15.73,1.76,1.97,1.48
2005-08,17.06,1.85,2.18,1.67
2005-09,17.22,1.84,2.26,1.74
2005-10,16.24,1.68,2.14,1.59
2005-11,15.88,1.67,2.15,1.59
2005-12,16.36,1.76,2.18,1.63
2006-01,17.79,1.9,2.34,1.74
2006-02,18.05,1.94,2.37,1.73
2006-03,18.2,1.89,2.4,1.7
2006-04,20.98,1.98,2.42,1.76
2006-05,24.47,2.22,3.03,2.13
2006-06,25.37,2.28,3.13,2.21
2006-07,23.57,2.14,3.05,2.09
2006-08,24.53,2.15,2.93,2.09
2006-09,25.43,2.26,3.02,2.14
2006-10,25.57,2.32,2.97,2.1
2006-11,28.9,2.55,3.09,2.16
2006-12,32.72,3.3,3.24,2.26
2007-01,38.67,3.69,4.0,2.81
2007-02,42.14,3.78,4.41,3.36
2007-03,41.53,4.09,4.98,3.78
2007-04,47.62,4.55,6.45,5.01
2007-05,53.08,4.9,7.24,5.42
2007-06,49.39,4.65,6.26,4.5
2007-07,59.85,5.42,7.42,5.57
2007-08,68.99,6.16,7.86,6.03
2007-09,72.97,6.43,7.97,6.06
2007-10,70.1,6.88,7.17,5.25
2007-11,59.21,6.2,6.55,4.85
2007-12,69.74,6.53,7.58,5.82
2008-01,61.73,5.32,6.98,5.23
2008-02,59.12,5.25,7.35,5.58
2008-03,38.35,4.15,5.82,4.33
2008-04,32.61,4.37,5.43,4.07
2008-05,30.71,4.05,5.43,3.94
2008-06,23.51,3.34,4.25,2.93
2008-07,24.76,3.37,4.52,3.17
2008-08,19.74,2.88,3.44,2.46
2008-09,18.41,2.74,3.14,2.25
2008-10,13.95,2.0,2.34,1.64
2008-11,16.05,2.16,2.81,1.93
2008-12,16.72,2.09,2.94,2.0
2009-01,18.65,2.26,3.3,2.35
2009-02,20.06,2.36,3.66,2.51
2009-03,24.97,2.59,4.41,3.06
2009-04,30.19,2.61,4.46,3.21
2009-05,32.11,2.78,4.62,3.46
2009-06,35.2,3.28,4.96,3.69
2009-07,41.01,3.74,5.62,4.18
2009-08,32.92,2.84,4.83,3.4
2009-09,34.79,2.99,4.82,3.47
2009-10,39.58,3.09,5.3,3.75
2009-11,44.8,3.25,6.0,4.34
2009-12,46.01,3.34,6.05,4.36
2010-01,43.08,3.01,5.73,4.16
2010-02,44.44,3.05,5.97,4.38
2010-03,39.81,3.03,6.08,4.43
2010-04,35.71,2.67,5.32,4.0
2010-05,33.72,2.45,4.97,3.58
2010-06,31.05,2.31,4.48,3.23
2010-07,35.51,2.47,5.06,3.68
2010-08,39.09,2.39,5.39,3.87
2010-09,39.51,2.4,5.56,3.99
2010-10,44.47,2.6,5.83,4.22
2010-11,44.88,2.38,5.77,4.16
2010-12,44.69,2.36,5.48,4.11
2011-01,41.16,2.35,5.3,3.86
2011-02,43.72,2.43,5.78,4.22
2011-03,35.26,2.41,5.69,4.14
2011-04,31.45,2.31,5.34,3.86
2011-05,29.14,2.18,4.92,3.56
2011-06,30.14,2.26,5.06,3.64
2011-07,30.87,2.19,5.14,3.68
2011-08,30.07,2.02,4.9,3.42
2011-09,26.46,1.87,4.3,2.98
2011-10,27.47,1.91,4.48,3.0
2011-11,26.3,1.81,4.18,2.9
2011-12,23.11,1.73,3.53,2.42
2012-01,22.77,1.8,3.64,2.48
2012-02,25.33,1.89,4.02,2.75
2012-03,22.22,1.72,3.58,2.47
2012-04,22.77,1.77,3.81,2.63
2012-05,23.53,1.71,3.82,2.67
2012-06,22.56,1.66,3.55,2.43
2012-07,20.96,1.58,3.28,2.23
2012-08,20.68,1.48,3.26,2.18
2012-09,21.12,1.51,3.28,2.22
2012-10,20.93,1.45,3.23,2.15
2012-11,18.66,1.39,2.9,1.9
2012-12,22.02,1.59,3.38,2.22
2013-01,23.47,1.67,3.42,2.34
2013-02,24.16,1.65,3.59,2.4
2013-03,23.9,1.52,3.46,2.23
2013-04,23.91,1.46,3.4,2.11
2013-05,27.23,1.5,3.95,2.33
2013-06,23.25,1.34,3.31,1.96
2013-07,24.62,1.36,3.46,2.0
2013-08,25.99,1.37,3.72,2.23
2013-09,27.52,1.41,3.85,2.3
2013-10,26.6,1.34,3.76,2.19
2013-11,28.44,1.39,4.0,2.34
2013-12,27.76,1.32,3.78,2.23
2014-01,28.43,1.27,3.62,2.17
2014-02,28.58,1.28,3.7,2.25
2014-03,25.21,1.25,3.88,2.22
2014-04,24.02,1.2,3.63,2.14
2014-05,24.69,1.21,3.7,2.18
2014-06,25.77,1.26,3.71,2.23
2014-07,27.26,1.37,3.9,2.43
2014-08,28.47,1.31,4.13,2.53
2014-09,31.5,1.38,4.74,2.85
2014-10,31.99,1.35,4.54,2.82
2014-11,33.81,1.51,4.79,3.0
2014-12,34.05,1.87,4.91,2.99
2015-01,36.77,1.83,4.91,3.19
2015-02,39.25,1.87,5.05,3.39
2015-03,45.3,2.07,5.84,4.01
2015-04,49.67,2.32,6.68,4.54
2015-05,61.41,2.38,7.83,5.29
2015-06,54.28,2.28,7.08,4.87
2015-07,46.78,2.0,6.06,3.99
2015-08,39.84,1.69,5.19,3.37
2015-09,38.38,1.63,4.86,3.17
2015-10,45.08,1.77,5.61,3.72
2015-11,49.3,1.78,5.91,3.96
2015-12,52.75,1.82,6.01,4.09
2016-01,38.93,1.42,4.47,2.9
2016-02,37.61,1.39,4.36,2.81
2016-03,41.28,1.53,5.06,3.25
2016-04,37.85,1.47,5.15,3.22
2016-05,38.12,1.46,5.11,3.2
2016-06,40.32,1.48,5.28,3.41
2016-07,39.72,1.54,5.29,3.46
2016-08,41.81,1.57,5.32,3.51
2016-09,41.29,1.53,5.17,3.38
2016-10,42.55,1.52,5.2,3.45
2016-11,43.94,1.61,5.35,3.51
2016-12,41.21,1.54,5.1,3.42
2017-01,40.52,1.58,4.89,3.33
2017-02,42.26,1.63,5.11,3.52
2017-03,40.02,1.62,4.99,3.41
2017-04,35.87,1.58,4.7,3.2
2017-05,34.06,1.56,4.26,2.97
2017-06,35.75,1.61,4.41,3.14
2017-07,35.38,1.69,4.38,3.17
2017-08,36.79,1.7,4.51,3.24
2017-09,37.71,1.7,4.59,3.24
2017-10,38.1,1.68,4.43,3.18
2017-11,36.34,1.66,4.11,2.93
2017-12,36.21,1.66,3.97,2.85
2018-01,36.02,1.77,3.93,2.81
2018-02,34.5,1.66,3.74,2.62
2018-03,32.94,1.59,3.98,2.68
2018-04,27.97,1.53,3.72,2.56
2018-05,27.59,1.53,3.71,2.54
2018-06,25.13,1.44,3.36,2.24
2018-07,24.66,1.48,3.34,2.28
2018-08,22.71,1.38,2.99,2.08
2018-09,22.54,1.44,3.02,2.07
2018-10,20.37,1.28,2.62,1.81
2018-11,21.05,1.27,2.69,1.91
2018-12,20.0,1.23,2.58,1.82
2019-01,20.25,1.28,2.51,1.81
2019-02,24.56,1.44,3.01,2.16
2019-03,26.06,1.5,3.33,2.36
2019-04,24.45,1.45,3.15,2.22
2019-05,22.93,1.37,3.14,2.11
2019-06,23.42,1.43,3.26,2.17
2019-07,23.67,1.44,3.32,2.16
2019-08,23.81,1.41,3.07,2.06
2019-09,23.94,1.41,3.07,2.07
2019-10,24.29,1.37,2.97,2.02
2019-11,24.03,1.35,2.89,1.98
2019-12,26.15,1.42,3.12,2.17
2020-01,26.73,1.39,3.21,2.13
2020-02,27.13,1.35,3.29,2.1
2020-03,24.75,1.27,3.2,2.02
2020-04,25.27,1.3,3.27,2.05
2020-05,25.65,1.3,3.54,2.1
2020-06,28.55,1.38,3.93,2.25
2020-07,32.66,1.57,4.44,2.6
2020-08,33.4,1.63,4.29,2.65
2020-09,31.39,1.55,4.0,2.46
2020-10,32.27,1.49,3.91,2.4
2020-11,33.09,1.57,4.0,2.51
2020-12,34.51,1.6,3.89,2.4
2021-01,34.82,1.6,3.83,2.2
2021-02,34.2,1.6,3.76,2.3
2021-03,31.47,1.55,3.67,2.38
2021-04,29.68,1.51,3.83,2.3
2021-05,31.19,1.6,4.18,2.44
2021-06,31.78,1.6,4.39,2.55
2021-07,30.63,1.55,4.36,2.53
2021-08,31.2,1.57,4.28,2.66
2021-09,30.89,1.58,4.13,2.6
2021-10,31.04,1.54,3.95,2.46
2021-11,32.7,1.53,4.24,2.78
2021-12,33.03,1.56,4.22,2.84
2022-01,29.63,1.44,3.74,2.58
2022-02,30.26,1.47,3.83,2.66
2022-03,25.89,1.38,3.55,2.46
2022-04,21.58,1.28,3.05,2.08
2022-05,23.55,1.32,3.48,2.3
2022-06,26.14,1.41,3.78,2.51
2022-07,25.58,1.38,3.79,2.6
2022-08,24.67,1.33,3.58,2.42
2022-09,22.59,1.27,3.3,2.16
2022-10,22.27,1.18,3.32,2.25
2022-11,23.85,1.29,3.43,2.4
2022-12,23.44,1.27,3.34,2.28
2023-01,25.53,1.33,3.48,2.49
2023-02,25.59,1.34,3.54,2.56
2023-03,24.29,1.33,3.54,2.54
2023-04,24.28,1.35,3.34,2.42
2023-05,23.55,1.28,3.32,2.43
2023-06,24.03,1.3,3.45,2.53
2023-07,24.28,1.36,3.42,2.53
2023-08,22.89,1.27,3.24,2.37
2023-09,22.46,1.27,3.23,2.35
2023-10,22.01,1.2,3.09,2.28
2023-11,22.05,1.2,3.17,2.39
2023-12,21.61,1.19,3.1,2.36
2024-01,18.29,1.14,2.56,1.88
2024-02,20.33,1.22,2.73,1.95
2024-03,20.97,1.22,2.82,2.0
2024-04,21.78,1.22,2.73,1.97
2024-05,21.38,1.22,2.7,1.94
2024-06,20.03,1.2,2.46,1.78
2024-07,19.81,1.21,2.5,1.75
2024-08,18.98,1.17,2.39,1.67
2024-09,23.68,1.33,2.9,2.03
2024-10,24.14,1.26,2.99,2.09
2024-11,24.47,1.27,3.13,2.18
2024-12,24.0,1.31,2.97,2.09
2025-01,23.61,1.27,2.96,2.04
2025-02,24.88,1.28,3.15,2.19
2025-03,24.78,1.27,3.14,2.17
2025-04,24.11,1.23,3.08,2.11
2025-05,24.64,1.26,3.23,2.21
2025-06,25.73,1.3,3.43,2.38
2025-07,26.93,1.35,3.62,2.51
2025-08,30.4,1.42,3.99,2.67
2025-09,31.57,1.41,4.09,2.68
2025-10,31.26,1.42,4.02,2.7
2025-11,30.45,1.41,4.02,2.67
2025-12,31.59,1.44,4.11,2.68
2026-01,33.48,1.48,4.43,2.91
2026-02,34.42,1.49,4.45,3.0
2026-03,30.32,1.42,4.08,2.65
2026-04,32.68,1.47,4.59,2.81
2026-05,33.54,1.47,4.72,2.66
2026-06,34.35,1.47,4.93,2.45
2026-07,29.31,1.48,3.92,2.3
2026-08,30.87,1.53,4.49,2.45
2026-09,28.92,1.48,4.34,2.42
